_id,callingstationid,created_at,created_date,rss
5b0562e0ea6ee3062b123f65,7c:78:7e:ee:4d:c1,1527099303,2018-05-23T12:45:03.000Z,-83
5b0562e0ea6ee3062b123f66,bc:d1:1f:16:db:6c,1527099304,2018-05-23T12:45:04.000Z,-93
5b0562e0ea6ee3062b123f67,1c:67:58:c7:25:ce,1527099313,2018-05-23T12:45:13.000Z,-89
5b0562e0ea6ee3062b123f68,20:82:c0:6c:3e:d2,1527099321,2018-05-23T12:45:21.000Z,-84
5b0562e0ea6ee3062b123f69,c0:9f:05:6e:61:ec,1527099332,2018-05-23T12:45:32.000Z,-84
5b0562e0ea6ee3062b123f6a,5c:99:60:cc:67:d7,1527099336,2018-05-23T12:45:36.000Z,-84
5b0562e0ea6ee3062b123f6b,a8:96:75:87:70:22,1527099341,2018-05-23T12:45:41.000Z,-95
5b0562e0ea6ee3062b123f6c,da:a1:19:d0:4b:ff,1527099347,2018-05-23T12:45:47.000Z,-86
5b0562e0ea6ee3062b123f6d,e8:9e:b4:16:47:ab,1527099353,2018-05-23T12:45:53.000Z,-84
5b0562e0ea6ee3062b123f6e,dc:1a:c5:5d:c9:c3,1527099357,2018-05-23T12:45:57.000Z,-99
5b0562e0ea6ee3062b123f6f,38:a4:ed:5d:42:77,1527099361,2018-05-23T12:46:01.000Z,-88
5b0562e0ea6ee3062b123f70,a8:96:75:59:cc:3a,1527099362,2018-05-23T12:46:02.000Z,-94
5b0562e0ea6ee3062b123f71,da:a1:19:47:f9:ad,1527099363,2018-05-23T12:46:03.000Z,-84
5b0562e0ea6ee3062b123f72,a8:96:75:55:f4:a8,1527099367,2018-05-23T12:46:07.000Z,-90
5b0562e0ea6ee3062b123f73,da:a1:19:8b:01:19,1527099384,2018-05-23T12:46:24.000Z,-76
5b0562e0ea6ee3062b123f74,bc:2f:3d:20:69:e0,1527099394,2018-05-23T12:46:34.000Z,-84
5b0562e0ea6ee3062b123f75,74:23:44:3d:b6:cf,1527099411,2018-05-23T12:46:51.000Z,-80
5b0562e0ea6ee3062b123f76,da:a1:19:db:8d:41,1527099425,2018-05-23T12:47:05.000Z,-76
5b0563b8ea6ee3062a10577b,dc:1a:c5:b6:74:e3,1527099541,2018-05-23T12:49:01.000Z,-88
5b0563b8ea6ee3062a10577c,a8:96:75:7d:ae:84,1527099545,2018-05-23T12:49:05.000Z,-88
5b0563b8ea6ee3062a10577d,bc:d1:1f:16:db:6c,1527099548,2018-05-23T12:49:08.000Z,-90
5b0563b8ea6ee3062a10577e,5c:99:60:cc:67:d7,1527099549,2018-05-23T12:49:09.000Z,-91
5b0563b8ea6ee3062a10577f,7c:78:7e:ee:4d:c1,1527099551,2018-05-23T12:49:11.000Z,-85
5b0563b8ea6ee3062a105780,20:82:c0:6c:3e:d2,1527099554,2018-05-23T12:49:14.000Z,-87
5b0563b8ea6ee3062a105781,da:a1:19:57:4d:74,1527099557,2018-05-23T12:49:17.000Z,-91
5b0563b8ea6ee3062a105782,da:a1:19:64:df:ca,1527099557,2018-05-23T12:49:17.000Z,-89
5b0563b8ea6ee3062a105783,74:23:44:3d:b6:cf,1527099572,2018-05-23T12:49:32.000Z,-83
5b0563b8ea6ee3062a105784,da:a1:19:c2:61:15,1527099580,2018-05-23T12:49:40.000Z,-76
5b0563b8ea6ee3062a105785,dc:1a:c5:5d:c9:c3,1527099597,2018-05-23T12:49:57.000Z,-99
5b0563b8ea6ee3062a105786,1c:67:58:c7:25:ce,1527099602,2018-05-23T12:50:02.000Z,-88
5b0563b8ea6ee3062a105787,dc:55:83:d0:eb:7d,1527099608,2018-05-23T12:50:08.000Z,-80
5b0563b8ea6ee3062a105788,a8:96:75:59:cc:3a,1527099615,2018-05-23T12:50:15.000Z,-88
5b0563b8ea6ee3062a105789,c8:f2:30:e7:3d:6e,1527099616,2018-05-23T12:50:16.000Z,-96
5b0563b8ea6ee3062a10578a,a8:96:75:68:62:dd,1527099621,2018-05-23T12:50:21.000Z,-88
5b0563b8ea6ee3062a10578b,da:a1:19:ab:b8:c2,1527099626,2018-05-23T12:50:26.000Z,-71
5b0563b8ea6ee3062a10578c,da:a1:19:ac:b9:6d,1527099646,2018-05-23T12:50:46.000Z,-79
5b056490ea6ee3062b124e7c,e8:9e:b4:16:47:ab,1527099748,2018-05-23T12:52:28.000Z,-82
5b056490ea6ee3062b124e7d,7c:78:7e:ee:4d:c1,1527099749,2018-05-23T12:52:29.000Z,-67
5b056490ea6ee3062b124e7e,f4:f1:e1:eb:2c:d4,1527099756,2018-05-23T12:52:36.000Z,-82
5b056490ea6ee3062b124e7f,c8:f2:30:e7:3d:6e,1527099759,2018-05-23T12:52:39.000Z,-93
5b056490ea6ee3062b124e80,20:82:c0:6c:3e:d2,1527099765,2018-05-23T12:52:45.000Z,-85
5b056490ea6ee3062b124e81,da:a1:19:f2:36:21,1527099769,2018-05-23T12:52:49.000Z,-80
5b056490ea6ee3062b124e82,da:a1:19:af:63:5f,1527099772,2018-05-23T12:52:52.000Z,-88
5b056490ea6ee3062b124e83,dc:1a:c5:b6:74:e3,1527099780,2018-05-23T12:53:00.000Z,-83
5b056490ea6ee3062b124e84,bc:d1:1f:16:db:6c,1527099791,2018-05-23T12:53:11.000Z,-83
5b056490ea6ee3062b124e85,da:a1:19:5a:0c:c0,1527099803,2018-05-23T12:53:23.000Z,-87
5b056490ea6ee3062b124e86,da:a1:19:f0:7a:b0,1527099803,2018-05-23T12:53:23.000Z,-89
5b056490ea6ee3062b124e87,da:a1:19:c6:78:2c,1527099804,2018-05-23T12:53:24.000Z,-87
5b056490ea6ee3062b124e88,da:a1:19:b2:2d:e1,1527099830,2018-05-23T12:53:50.000Z,-74
5b056490ea6ee3062b124e89,dc:1a:c5:5d:c9:c3,1527099837,2018-05-23T12:53:57.000Z,-83
5b056490ea6ee3062b124e8a,da:a1:19:cc:4b:42,1527099839,2018-05-23T12:53:59.000Z,-80
5b056490ea6ee3062b124e8b,a4:44:d1:0a:62:3a,1527099844,2018-05-23T12:54:04.000Z,-84
5b056490ea6ee3062b124e8c,da:a1:19:a0:52:1a,1527099859,2018-05-23T12:54:19.000Z,-90
5b056490ea6ee3062b124e8d,a8:96:75:59:cc:3a,1527099860,2018-05-23T12:54:20.000Z,-85
5b056490ea6ee3062b124e8e,da:a1:19:2e:64:23,1527099871,2018-05-23T12:54:31.000Z,-79
5b056490ea6ee3062b124e8f,da:a1:19:54:cf:ba,1527099875,2018-05-23T12:54:35.000Z,-82
5b056490ea6ee3062b124e90,5c:99:60:cc:67:d7,1527099876,2018-05-23T12:54:36.000Z,-91
5b056568ea6ee3062b1255b5,da:a1:19:bf:4b:3c,1527099986,2018-05-23T12:56:26.000Z,-90
5b056568ea6ee3062b1255b6,e8:9e:b4:16:47:ab,1527099988,2018-05-23T12:56:28.000Z,-80
5b056568ea6ee3062b1255b7,a8:96:75:59:cc:3a,1527099994,2018-05-23T12:56:34.000Z,-92
5b056568ea6ee3062b1255b8,da:a1:19:fe:df:87,1527099995,2018-05-23T12:56:35.000Z,-84
5b056568ea6ee3062b1255b9,da:a1:19:fb:82:87,1527099996,2018-05-23T12:56:36.000Z,-83
5b056568ea6ee3062b1255ba,20:82:c0:6c:3e:d2,1527099997,2018-05-23T12:56:37.000Z,-91
5b056568ea6ee3062b1255bb,a8:96:75:5c:45:9c,1527099999,2018-05-23T12:56:39.000Z,-85
5b056568ea6ee3062b1255bc,f4:f1:e1:eb:2c:d4,1527100001,2018-05-23T12:56:41.000Z,-78
5b056568ea6ee3062b1255bd,dc:1a:c5:b6:74:e3,1527100022,2018-05-23T12:57:02.000Z,-83
5b056568ea6ee3062b1255be,68:c4:4d:66:2b:c2,1527100022,2018-05-23T12:57:02.000Z,-90
5b056568ea6ee3062b1255bf,da:a1:19:6a:1c:d0,1527100022,2018-05-23T12:57:02.000Z,-86
5b056568ea6ee3062b1255c0,10:07:b6:07:20:dc,1527100029,2018-05-23T12:57:09.000Z,-79
5b056568ea6ee3062b1255c1,da:a1:19:e0:5b:0f,1527100030,2018-05-23T12:57:10.000Z,-78
5b056568ea6ee3062b1255c2,bc:d1:1f:16:db:6c,1527100034,2018-05-23T12:57:14.000Z,-91
5b056568ea6ee3062b1255c3,da:a1:19:3f:98:ff,1527100035,2018-05-23T12:57:15.000Z,-79
5b056568ea6ee3062b1255c4,da:a1:19:c4:3f:2a,1527100036,2018-05-23T12:57:16.000Z,-77
5b056568ea6ee3062b1255c5,74:23:44:3d:b6:cf,1527100039,2018-05-23T12:57:19.000Z,-78
5b056568ea6ee3062b1255c6,da:a1:19:ea:f4:e1,1527100039,2018-05-23T12:57:19.000Z,-82
5b056568ea6ee3062b1255c7,a8:96:75:26:8e:9b,1527100047,2018-05-23T12:57:27.000Z,-85
5b056568ea6ee3062b1255c8,c8:f2:30:e7:3d:6e,1527100049,2018-05-23T12:57:29.000Z,-91
5b056568ea6ee3062b1255c9,da:a1:19:c5:e2:d5,1527100071,2018-05-23T12:57:51.000Z,-83
5b056568ea6ee3062b1255ca,ae:56:2c:65:23:68,1527100071,2018-05-23T12:57:51.000Z,-85
5b056568ea6ee3062b1255cb,a8:96:75:1f:9c:e0,1527100076,2018-05-23T12:57:56.000Z,-92
5b056568ea6ee3062b1255cc,dc:1a:c5:5d:c9:c3,1527100077,2018-05-23T12:57:57.000Z,-93
5b056568ea6ee3062b1255cd,a4:44:d1:0a:62:3a,1527100084,2018-05-23T12:58:04.000Z,-81
5b056568ea6ee3062b1255ce,da:a1:19:6b:11:59,1527100086,2018-05-23T12:58:06.000Z,-92
5b056568ea6ee3062b1255cf,da:a1:19:17:63:4a,1527100092,2018-05-23T12:58:12.000Z,-85
5b056640ea6ee3062b125d35,da:a1:19:7f:58:41,1527100176,2018-05-23T12:59:36.000Z,-84
5b056640ea6ee3062b125d36,da:a1:19:d6:51:05,1527100177,2018-05-23T12:59:37.000Z,-85
5b056640ea6ee3062b125d37,3c:91:57:ae:54:86,1527100181,2018-05-23T12:59:41.000Z,-92
5b056640ea6ee3062b125d38,c8:f2:30:e7:3d:6e,1527100181,2018-05-23T12:59:41.000Z,-88
5b056640ea6ee3062b125d39,da:a1:19:0e:cf:42,1527100184,2018-05-23T12:59:44.000Z,-78
5b056640ea6ee3062b125d3a,20:82:c0:6c:3e:d2,1527100185,2018-05-23T12:59:45.000Z,-85
5b056640ea6ee3062b125d3b,74:23:44:3d:b6:cf,1527100191,2018-05-23T12:59:51.000Z,-85
5b056640ea6ee3062b125d3c,e4:5d:75:e9:a5:be,1527100196,2018-05-23T12:59:56.000Z,-83
5b056640ea6ee3062b125d3d,da:a1:19:9a:be:10,1527100202,2018-05-23T13:00:02.000Z,-86
5b056640ea6ee3062b125d3e,dc:1a:c5:5d:c9:c3,1527100204,2018-05-23T13:00:04.000Z,-92
5b056640ea6ee3062b125d3f,10:07:b6:07:20:dc,1527100210,2018-05-23T13:00:10.000Z,-60
5b056640ea6ee3062b125d40,da:a1:19:fd:43:71,1527100239,2018-05-23T13:00:39.000Z,-86
5b056640ea6ee3062b125d41,da:a1:19:a4:32:e6,1527100246,2018-05-23T13:00:46.000Z,-78
5b056640ea6ee3062b125d42,cc:61:e5:27:80:0e,1527100249,2018-05-23T13:00:49.000Z,-86
5b056640ea6ee3062b125d43,dc:1a:c5:b6:74:e3,1527100260,2018-05-23T13:01:00.000Z,-78
5b056640ea6ee3062b125d44,da:a1:19:7c:af:2c,1527100270,2018-05-23T13:01:10.000Z,-88
5b056640ea6ee3062b125d45,1c:67:58:c7:25:ce,1527100279,2018-05-23T13:01:19.000Z,-86
5b056640ea6ee3062b125d46,da:a1:19:ed:68:53,1527100298,2018-05-23T13:01:38.000Z,-84
5b056640ea6ee3062b125d47,da:a1:19:3b:21:b5,1527100298,2018-05-23T13:01:38.000Z,-81
5b056640ea6ee3062b125d48,dc:55:83:d0:eb:7d,1527100303,2018-05-23T13:01:43.000Z,-91
5b056640ea6ee3062b125d49,da:a1:19:62:ca:3d,1527100308,2018-05-23T13:01:48.000Z,-91
5b056640ea6ee3062b125d4a,a8:96:75:97:a4:b1,1527100310,2018-05-23T13:01:50.000Z,-90
5b056718ea6ee3062a107645,10:07:b6:07:20:dc,1527100392,2018-05-23T13:03:12.000Z,-88
5b056718ea6ee3062a107646,c8:f2:30:e7:3d:6e,1527100394,2018-05-23T13:03:14.000Z,-98
5b056718ea6ee3062a107647,da:a1:19:ee:7d:0a,1527100398,2018-05-23T13:03:18.000Z,-90
5b056718ea6ee3062a107648,da:a1:19:64:fe:39,1527100398,2018-05-23T13:03:18.000Z,-82
5b056718ea6ee3062a107649,da:a1:19:5a:1d:2c,1527100403,2018-05-23T13:03:23.000Z,-86
5b056718ea6ee3062a10764a,e8:9e:b4:16:47:ab,1527100408,2018-05-23T13:03:28.000Z,-83
5b056718ea6ee3062a10764b,a8:96:75:d7:d1:de,1527100410,2018-05-23T13:03:30.000Z,-85
5b056718ea6ee3062a10764c,a8:96:75:d0:38:7c,1527100411,2018-05-23T13:03:31.000Z,-102
5b056718ea6ee3062a10764d,c0:11:73:dc:30:8a,1527100438,2018-05-23T13:03:58.000Z,-89
5b056718ea6ee3062a10764e,e4:5d:75:07:d6:d0,1527100439,2018-05-23T13:03:59.000Z,-77
5b056718ea6ee3062a10764f,da:a1:19:3b:c9:ef,1527100439,2018-05-23T13:03:59.000Z,-87
5b056718ea6ee3062a107650,dc:55:83:d0:eb:7d,1527100455,2018-05-23T13:04:15.000Z,-85
5b056718ea6ee3062a107651,a8:96:75:8b:f3:c9,1527100458,2018-05-23T13:04:18.000Z,-85
5b056718ea6ee3062a107652,68:c4:4d:66:2b:c2,1527100464,2018-05-23T13:04:24.000Z,-85
5b056718ea6ee3062a107653,1c:67:58:c7:25:ce,1527100468,2018-05-23T13:04:28.000Z,-95
5b056718ea6ee3062a107654,38:a4:ed:5d:42:77,1527100485,2018-05-23T13:04:45.000Z,-85
5b056718ea6ee3062a107655,a8:96:75:59:d4:86,1527100485,2018-05-23T13:04:45.000Z,-89
5b056718ea6ee3062a107656,da:a1:19:e6:61:4c,1527100487,2018-05-23T13:04:47.000Z,-91
5b056718ea6ee3062a107657,dc:1a:c5:b6:74:e3,1527100500,2018-05-23T13:05:00.000Z,-75
5b056718ea6ee3062a107658,da:a1:19:25:50:75,1527100504,2018-05-23T13:05:04.000Z,-95
5b056718ea6ee3062a107659,94:14:7a:7c:c5:ee,1527100524,2018-05-23T13:05:24.000Z,-84
5b0567f0ea6ee3062a107e05,20:82:c0:6c:3e:d2,1527100605,2018-05-23T13:06:45.000Z,-93
5b0567f0ea6ee3062a107e06,1c:67:58:c7:25:ce,1527100606,2018-05-23T13:06:46.000Z,-82
5b0567f0ea6ee3062a107e07,94:14:7a:7c:c5:ee,1527100607,2018-05-23T13:06:47.000Z,-82
5b0567f0ea6ee3062a107e08,a8:96:75:89:f1:eb,1527100609,2018-05-23T13:06:49.000Z,-82
5b0567f0ea6ee3062a107e09,a8:96:75:62:a6:ea,1527100609,2018-05-23T13:06:49.000Z,-81
5b0567f0ea6ee3062a107e0a,da:a1:19:e1:93:7e,1527100610,2018-05-23T13:06:50.000Z,-82
5b0567f0ea6ee3062a107e0b,38:a4:ed:5d:42:77,1527100619,2018-05-23T13:06:59.000Z,-91
5b0567f0ea6ee3062a107e0c,da:a1:19:c5:97:d6,1527100625,2018-05-23T13:07:05.000Z,-75
5b0567f0ea6ee3062a107e0d,da:a1:19:20:9b:86,1527100627,2018-05-23T13:07:07.000Z,-72
5b0567f0ea6ee3062a107e0e,c8:f2:30:e7:3d:6e,1527100642,2018-05-23T13:07:22.000Z,-92
5b0567f0ea6ee3062a107e0f,e8:9e:b4:16:47:ab,1527100648,2018-05-23T13:07:28.000Z,-86
5b0567f0ea6ee3062a107e10,10:07:b6:07:20:dc,1527100650,2018-05-23T13:07:30.000Z,-78
5b0567f0ea6ee3062a107e11,bc:d1:1f:16:db:6c,1527100652,2018-05-23T13:07:32.000Z,-83
5b0567f0ea6ee3062a107e12,a8:96:75:8a:d0:f0,1527100656,2018-05-23T13:07:36.000Z,-85
5b0567f0ea6ee3062a107e13,a8:96:75:18:5c:b3,1527100657,2018-05-23T13:07:37.000Z,-77
5b0567f0ea6ee3062a107e14,a8:96:75:08:70:c7,1527100657,2018-05-23T13:07:37.000Z,-78
5b0567f0ea6ee3062a107e15,dc:1a:c5:b6:74:e3,1527100676,2018-05-23T13:07:56.000Z,-84
5b0567f0ea6ee3062a107e16,da:a1:19:bd:6f:23,1527100687,2018-05-23T13:08:07.000Z,-86
5b0567f0ea6ee3062a107e17,a8:96:75:6b:1d:3d,1527100704,2018-05-23T13:08:24.000Z,-83
5b0567f0ea6ee3062a107e18,a8:96:75:bd:25:32,1527100704,2018-05-23T13:08:24.000Z,-78
5b0567f0ea6ee3062a107e19,a8:96:75:56:e4:98,1527100711,2018-05-23T13:08:31.000Z,-82
5b0567f0ea6ee3062a107e1a,a8:96:75:ad:a9:a5,1527100711,2018-05-23T13:08:31.000Z,-95
5b0567f0ea6ee3062a107e1b,a8:96:75:f8:f4:f0,1527100711,2018-05-23T13:08:31.000Z,-79
5b0567f0ea6ee3062a107e1c,a8:96:75:d1:28:24,1527100719,2018-05-23T13:08:39.000Z,-80
5b0567f0ea6ee3062a107e1d,a8:96:75:22:42:f6,1527100719,2018-05-23T13:08:39.000Z,-88
5b0567f0ea6ee3062a107e1e,a8:96:75:89:cd:24,1527100719,2018-05-23T13:08:39.000Z,-75
5b0567f0ea6ee3062a107e1f,a8:96:75:01:8d:f5,1527100719,2018-05-23T13:08:39.000Z,-77
5b0567f0ea6ee3062a107e20,a8:96:75:09:29:12,1527100732,2018-05-23T13:08:52.000Z,-83
5b0567f0ea6ee3062a107e21,da:a1:19:3e:b9:a4,1527100736,2018-05-23T13:08:56.000Z,-87
5b0567f0ea6ee3062a107e22,a8:96:75:18:b7:43,1527100739,2018-05-23T13:08:59.000Z,-83
5b0567f0ea6ee3062a107e23,a8:96:75:56:3d:4a,1527100739,2018-05-23T13:08:59.000Z,-75
5b0568c8ea6ee3062b12705e,20:82:c0:6c:3e:d2,1527100816,2018-05-23T13:10:16.000Z,-81
5b0568c8ea6ee3062b12705f,a8:96:75:85:b8:b4,1527100816,2018-05-23T13:10:16.000Z,-85
5b0568c8ea6ee3062b127060,a8:96:75:f2:80:7c,1527100816,2018-05-23T13:10:16.000Z,-80
5b0568c8ea6ee3062b127061,a8:96:75:9d:1a:df,1527100817,2018-05-23T13:10:17.000Z,-85
5b0568c8ea6ee3062b127062,c8:f2:30:e7:3d:6e,1527100817,2018-05-23T13:10:17.000Z,-78
5b0568c8ea6ee3062b127063,e8:9e:b4:16:47:ab,1527100828,2018-05-23T13:10:28.000Z,-89
5b0568c8ea6ee3062b127064,10:07:b6:07:20:dc,1527100838,2018-05-23T13:10:38.000Z,-72
5b0568c8ea6ee3062b127065,dc:55:83:d0:eb:7d,1527100841,2018-05-23T13:10:41.000Z,-74
5b0568c8ea6ee3062b127066,da:a1:19:d8:8a:3e,1527100857,2018-05-23T13:10:57.000Z,-90
5b0568c8ea6ee3062b127067,a8:96:75:a4:1f:3f,1527100863,2018-05-23T13:11:03.000Z,-78
5b0568c8ea6ee3062b127068,a8:96:75:f8:29:ff,1527100864,2018-05-23T13:11:04.000Z,-82
5b0568c8ea6ee3062b127069,da:a1:19:b9:34:1f,1527100876,2018-05-23T13:11:16.000Z,-77
5b0568c8ea6ee3062b12706a,94:14:7a:7c:c5:ee,1527100887,2018-05-23T13:11:27.000Z,-82
5b0568c8ea6ee3062b12706b,bc:d1:1f:16:db:6c,1527100908,2018-05-23T13:11:48.000Z,-84
5b0568c8ea6ee3062b12706c,a8:96:75:41:a9:b6,1527100911,2018-05-23T13:11:51.000Z,-83
5b0568c8ea6ee3062b12706d,a8:96:75:85:92:9f,1527100911,2018-05-23T13:11:51.000Z,-86
5b0568c8ea6ee3062b12706e,a8:96:75:59:cc:3a,1527100919,2018-05-23T13:11:59.000Z,-86
5b0568c8ea6ee3062b12706f,da:a1:19:c4:3f:2a,1527100920,2018-05-23T13:12:00.000Z,-88
5b0568c8ea6ee3062b127070,a8:96:75:92:8e:8a,1527100927,2018-05-23T13:12:07.000Z,-84
5b0568c8ea6ee3062b127071,a8:96:75:41:f3:13,1527100927,2018-05-23T13:12:07.000Z,-85
5b0568c8ea6ee3062b127072,da:a1:19:b5:30:1b,1527100934,2018-05-23T13:12:14.000Z,-82
5b0568c8ea6ee3062b127073,a8:96:75:82:ff:56,1527100938,2018-05-23T13:12:18.000Z,-88
5b0568c8ea6ee3062b127074,da:a1:19:22:7b:1e,1527100950,2018-05-23T13:12:30.000Z,-86
5b0569a0ea6ee3062b127622,bc:d1:1f:16:db:6c,1527101033,2018-05-23T13:13:53.000Z,-80
5b0569a0ea6ee3062b127623,10:07:b6:07:20:dc,1527101040,2018-05-23T13:14:00.000Z,-77
5b0569a0ea6ee3062b127624,dc:55:83:d0:eb:7d,1527101040,2018-05-23T13:14:00.000Z,-77
5b0569a0ea6ee3062b127625,20:82:c0:6c:3e:d2,1527101048,2018-05-23T13:14:08.000Z,-78
5b0569a0ea6ee3062b127626,a8:96:75:59:cc:3a,1527101052,2018-05-23T13:14:12.000Z,-84
5b0569a0ea6ee3062b127627,c0:9f:05:6e:61:ec,1527101057,2018-05-23T13:14:17.000Z,-89
5b0569a0ea6ee3062b127628,a8:96:75:77:ce:01,1527101057,2018-05-23T13:14:17.000Z,-81
5b0569a0ea6ee3062b127629,a8:96:75:24:d6:bf,1527101057,2018-05-23T13:14:17.000Z,-82
5b0569a0ea6ee3062b12762a,c0:11:73:dc:30:8a,1527101059,2018-05-23T13:14:19.000Z,-88
5b0569a0ea6ee3062b12762b,e4:5d:75:07:d6:d0,1527101065,2018-05-23T13:14:25.000Z,-69
5b0569a0ea6ee3062b12762c,c8:f2:30:e7:3d:6e,1527101068,2018-05-23T13:14:28.000Z,-87
5b0569a0ea6ee3062b12762d,da:a1:19:73:b7:a2,1527101081,2018-05-23T13:14:41.000Z,-71
5b0569a0ea6ee3062b12762e,da:a1:19:a9:44:35,1527101099,2018-05-23T13:14:59.000Z,-89
5b0569a0ea6ee3062b12762f,da:a1:19:24:a6:0d,1527101104,2018-05-23T13:15:04.000Z,-89
5b0569a0ea6ee3062b127630,a8:96:75:7a:ab:b8,1527101104,2018-05-23T13:15:04.000Z,-84
5b0569a0ea6ee3062b127631,a8:96:75:21:c0:96,1527101104,2018-05-23T13:15:04.000Z,-86
5b0569a0ea6ee3062b127632,a8:96:75:70:7d:9d,1527101105,2018-05-23T13:15:05.000Z,-86
5b0569a0ea6ee3062b127633,da:a1:19:0f:0b:bf,1527101114,2018-05-23T13:15:14.000Z,-78
5b0569a0ea6ee3062b127634,a8:96:75:06:5d:22,1527101121,2018-05-23T13:15:21.000Z,-81
5b0569a0ea6ee3062b127635,a8:96:75:f6:5e:34,1527101121,2018-05-23T13:15:21.000Z,-83
5b0569a0ea6ee3062b127636,a8:96:75:78:61:4a,1527101121,2018-05-23T13:15:21.000Z,-86
5b0569a0ea6ee3062b127637,da:a1:19:67:92:c5,1527101123,2018-05-23T13:15:23.000Z,-81
5b0569a0ea6ee3062b127638,94:14:7a:7c:c5:ee,1527101127,2018-05-23T13:15:27.000Z,-76
5b0569a0ea6ee3062b127639,1c:67:58:c7:25:ce,1527101127,2018-05-23T13:15:27.000Z,-84
5b0569a0ea6ee3062b12763a,da:a1:19:d7:29:4d,1527101129,2018-05-23T13:15:29.000Z,-88
5b0569a0ea6ee3062b12763b,da:a1:19:8f:eb:f2,1527101137,2018-05-23T13:15:37.000Z,-90
5b0569a0ea6ee3062b12763c,a8:96:75:db:a0:9c,1527101142,2018-05-23T13:15:42.000Z,-87
5b0569a0ea6ee3062b12763d,a8:96:75:89:3b:24,1527101142,2018-05-23T13:15:42.000Z,-91
5b0569a0ea6ee3062b12763e,da:a1:19:c5:40:2b,1527101149,2018-05-23T13:15:49.000Z,-85
5b0569a0ea6ee3062b12763f,58:7a:6a:05:88:f7,1527101158,2018-05-23T13:15:58.000Z,-88
5b0569a0ea6ee3062b127640,a8:96:75:30:72:7f,1527101163,2018-05-23T13:16:03.000Z,-93
5b0569a0ea6ee3062b127641,a8:96:75:2d:a6:b3,1527101163,2018-05-23T13:16:03.000Z,-82
5b0569a0ea6ee3062b127642,a8:96:75:85:13:46,1527101170,2018-05-23T13:16:10.000Z,-82
5b0569a0ea6ee3062b127643,a8:96:75:ba:00:c5,1527101171,2018-05-23T13:16:11.000Z,-82
5b0569a0ea6ee3062b127644,a8:96:75:3f:04:00,1527101171,2018-05-23T13:16:11.000Z,-83
5b056a78ea6ee3062b127c06,da:a1:19:06:81:6c,1527101249,2018-05-23T13:17:29.000Z,-67
5b056a78ea6ee3062b127c07,bc:2f:3d:70:67:00,1527101253,2018-05-23T13:17:33.000Z,-99
5b056a78ea6ee3062b127c08,da:a1:19:2e:8e:29,1527101260,2018-05-23T13:17:40.000Z,-84
5b056a78ea6ee3062b127c09,a8:96:75:91:9e:be,1527101265,2018-05-23T13:17:45.000Z,-87
5b056a78ea6ee3062b127c0a,94:14:7a:7c:c5:ee,1527101267,2018-05-23T13:17:47.000Z,-74
5b056a78ea6ee3062b127c0b,94:14:7a:13:a4:98,1527101276,2018-05-23T13:17:56.000Z,-79
5b056a78ea6ee3062b127c0c,da:a1:19:e5:97:82,1527101276,2018-05-23T13:17:56.000Z,-75
5b056a78ea6ee3062b127c0d,bc:d1:1f:16:db:6c,1527101283,2018-05-23T13:18:03.000Z,-82
5b056a78ea6ee3062b127c0e,10:07:b6:07:20:dc,1527101287,2018-05-23T13:18:07.000Z,-69
5b056a78ea6ee3062b127c0f,a8:96:75:59:cc:3a,1527101291,2018-05-23T13:18:11.000Z,-86
5b056a78ea6ee3062b127c10,a8:96:75:aa:93:b3,1527101297,2018-05-23T13:18:17.000Z,-79
5b056a78ea6ee3062b127c11,a8:96:75:bb:36:1f,1527101297,2018-05-23T13:18:17.000Z,-83
5b056a78ea6ee3062b127c12,a8:96:75:67:e2:5d,1527101298,2018-05-23T13:18:18.000Z,-85
5b056a78ea6ee3062b127c13,da:a1:19:63:da:1f,1527101306,2018-05-23T13:18:26.000Z,-93
5b056a78ea6ee3062b127c14,da:a1:19:dd:a1:8b,1527101321,2018-05-23T13:18:41.000Z,-77
5b056a78ea6ee3062b127c15,a8:96:75:4e:fe:42,1527101345,2018-05-23T13:19:05.000Z,-84
5b056a78ea6ee3062b127c16,a8:96:75:69:e4:3b,1527101357,2018-05-23T13:19:17.000Z,-86
5b056a78ea6ee3062b127c17,e4:5d:75:07:d6:d0,1527101365,2018-05-23T13:19:25.000Z,-76
5b056b50ea6ee3062a1096f2,a8:96:75:59:cc:3a,1527101487,2018-05-23T13:21:27.000Z,-82
5b056b50ea6ee3062a1096f3,a8:96:75:00:7d:d4,1527101492,2018-05-23T13:21:32.000Z,-93
5b056b50ea6ee3062a1096f4,a8:96:75:c3:40:97,1527101492,2018-05-23T13:21:32.000Z,-83
5b056b50ea6ee3062a1096f5,ec:01:ee:f0:e2:c7,1527101500,2018-05-23T13:21:40.000Z,-82
5b056b50ea6ee3062a1096f6,da:a1:19:36:70:d2,1527101508,2018-05-23T13:21:48.000Z,-84
5b056b50ea6ee3062a1096f7,94:14:7a:7c:c5:ee,1527101512,2018-05-23T13:21:52.000Z,-78
5b056b50ea6ee3062a1096f8,da:a1:19:88:03:ee,1527101522,2018-05-23T13:22:02.000Z,-83
5b056b50ea6ee3062a1096f9,10:07:b6:07:20:dc,1527101529,2018-05-23T13:22:09.000Z,-76
5b056b50ea6ee3062a1096fa,94:d7:71:c0:a1:97,1527101533,2018-05-23T13:22:13.000Z,-92
5b056b50ea6ee3062a1096fb,bc:d1:1f:16:db:6c,1527101568,2018-05-23T13:22:48.000Z,-83
5b056b50ea6ee3062a1096fc,00:6f:64:90:88:73,1527101575,2018-05-23T13:22:55.000Z,-84
5b056b50ea6ee3062a1096fd,bc:d1:d3:c9:59:53,1527101581,2018-05-23T13:23:01.000Z,-87
5b056b50ea6ee3062a1096fe,e4:5d:75:e4:72:bf,1527101585,2018-05-23T13:23:05.000Z,-77
5b056c28ea6ee3062a109e1d,00:6f:64:90:88:73,1527101698,2018-05-23T13:24:58.000Z,-92
5b056c28ea6ee3062a109e1e,bc:d1:d3:c9:59:53,1527101701,2018-05-23T13:25:01.000Z,-85
5b056c28ea6ee3062a109e1f,c0:11:73:dc:30:8a,1527101708,2018-05-23T13:25:08.000Z,-68
5b056c28ea6ee3062a109e20,10:07:b6:07:20:dc,1527101710,2018-05-23T13:25:10.000Z,-77
5b056c28ea6ee3062a109e21,e4:5d:75:07:d6:d0,1527101712,2018-05-23T13:25:12.000Z,-70
5b056c28ea6ee3062a109e22,a8:96:75:d8:55:75,1527101713,2018-05-23T13:25:13.000Z,-77
5b056c28ea6ee3062a109e23,a8:96:75:f8:e1:ca,1527101713,2018-05-23T13:25:13.000Z,-82
5b056c28ea6ee3062a109e24,a8:96:75:5c:1f:2c,1527101713,2018-05-23T13:25:13.000Z,-75
5b056c28ea6ee3062a109e25,bc:d1:1f:16:db:6c,1527101717,2018-05-23T13:25:17.000Z,-86
5b056c28ea6ee3062a109e26,da:a1:19:f2:62:19,1527101738,2018-05-23T13:25:38.000Z,-78
5b056c28ea6ee3062a109e27,a8:96:75:d8:c1:aa,1527101760,2018-05-23T13:26:00.000Z,-92
5b056c28ea6ee3062a109e28,a8:96:75:7a:e2:b8,1527101760,2018-05-23T13:26:00.000Z,-79
5b056c28ea6ee3062a109e29,a8:96:75:59:cc:3a,1527101762,2018-05-23T13:26:02.000Z,-86
5b056c28ea6ee3062a109e2a,da:a1:19:fc:40:f4,1527101765,2018-05-23T13:26:05.000Z,-86
5b056c28ea6ee3062a109e2b,a8:96:75:d8:53:18,1527101767,2018-05-23T13:26:07.000Z,-87
5b056c28ea6ee3062a109e2c,a8:96:75:48:d6:9b,1527101767,2018-05-23T13:26:07.000Z,-77
5b056c28ea6ee3062a109e2d,a8:96:75:b1:76:a9,1527101791,2018-05-23T13:26:31.000Z,-80
5b056c28ea6ee3062a109e2e,a8:96:75:17:dc:d8,1527101791,2018-05-23T13:26:31.000Z,-82
5b056c28ea6ee3062a109e2f,da:a1:19:6c:d4:64,1527101800,2018-05-23T13:26:40.000Z,-85
5b056d00ea6ee3062b12917c,58:7a:6a:05:88:f7,1527101923,2018-05-23T13:28:43.000Z,-84
5b056d00ea6ee3062b12917d,da:a1:19:a8:c9:02,1527101925,2018-05-23T13:28:45.000Z,-89
5b056d00ea6ee3062b12917e,da:a1:19:22:9d:88,1527101927,2018-05-23T13:28:47.000Z,-93
5b056d00ea6ee3062b12917f,e4:5d:75:07:d6:d0,1527101942,2018-05-23T13:29:02.000Z,-79
5b056d00ea6ee3062b129180,10:07:b6:07:20:dc,1527101952,2018-05-23T13:29:12.000Z,-75
5b056d00ea6ee3062b129181,a8:96:75:19:cb:eb,1527101956,2018-05-23T13:29:16.000Z,-94
5b056d00ea6ee3062b129182,5c:f7:c3:6a:36:cb,1527102003,2018-05-23T13:30:03.000Z,-108
5b056dd8ea6ee3062b1296e7,ec:01:ee:f3:7b:cf,1527102161,2018-05-23T13:32:41.000Z,-87
5b056dd8ea6ee3062b1296e8,00:6f:64:90:88:73,1527102170,2018-05-23T13:32:50.000Z,-82
5b056dd8ea6ee3062b1296e9,10:07:b6:07:20:dc,1527102181,2018-05-23T13:33:01.000Z,-80
5b056dd8ea6ee3062b1296ea,98:6f:60:89:9e:4e,1527102202,2018-05-23T13:33:22.000Z,-82
5b056dd8ea6ee3062b1296eb,70:8b:cd:36:e0:1d,1527102205,2018-05-23T13:33:25.000Z,-104
5b056dd8ea6ee3062b1296ec,e4:5d:75:07:d6:d0,1527102255,2018-05-23T13:34:15.000Z,-85
5b056eb0ea6ee3062b12a04f,d0:f8:8c:94:be:c5,1527102376,2018-05-23T13:36:16.000Z,-74
5b056eb0ea6ee3062b12a050,00:6f:64:90:88:73,1527102382,2018-05-23T13:36:22.000Z,-83
5b056eb0ea6ee3062b12a051,10:07:b6:07:20:dc,1527102439,2018-05-23T13:37:19.000Z,-72
5b056f88ea6ee3062a10b2b8,10:07:b6:07:20:dc,1527102559,2018-05-23T13:39:19.000Z,-75
5b056f88ea6ee3062a10b2b9,d0:f8:8c:94:be:c5,1527102573,2018-05-23T13:39:33.000Z,-79
5b056f88ea6ee3062a10b2ba,60:8e:08:d6:cd:63,1527102597,2018-05-23T13:39:57.000Z,-81
5b056f88ea6ee3062a10b2bb,5c:f7:c3:6a:36:cb,1527102604,2018-05-23T13:40:04.000Z,-88
5b056f88ea6ee3062a10b2bc,da:a1:19:69:1b:cf,1527102662,2018-05-23T13:41:02.000Z,-86
5b056f88ea6ee3062a10b2bd,da:a1:19:4b:47:32,1527102674,2018-05-23T13:41:14.000Z,-87
5b056f88ea6ee3062a10b2be,da:a1:19:e3:df:ca,1527102675,2018-05-23T13:41:15.000Z,-97
5b065c3e83c8f4066c13f144,e8:9e:b4:16:47:ab,1527163140,2018-05-24T06:29:00.000Z,-85
5b065c3e83c8f4066c13f145,44:6d:57:da:a6:0f,1527163140,2018-05-24T06:29:00.000Z,-67
5b065c3e83c8f4066c13f146,dc:1a:c5:46:8d:51,1527163151,2018-05-24T06:29:11.000Z,-77
5b065c3e83c8f4066c13f147,4c:18:9a:9d:14:40,1527163161,2018-05-24T06:29:21.000Z,-88
5b065c3e83c8f4066c13f148,3c:91:57:ae:54:86,1527163166,2018-05-24T06:29:26.000Z,-92
5b065c3e83c8f4066c13f149,64:db:43:a9:a8:07,1527163182,2018-05-24T06:29:42.000Z,-78
5b065c3e83c8f4066c13f14a,4c:18:9a:9b:14:38,1527163193,2018-05-24T06:29:53.000Z,-90
5b065c3e83c8f4066c13f14b,da:a1:19:ae:c1:cb,1527163198,2018-05-24T06:29:58.000Z,-92
5b065c3e83c8f4066c13f14c,da:a1:19:3b:b6:6a,1527163212,2018-05-24T06:30:12.000Z,-91
5b065c3e83c8f4066c13f14d,54:b8:02:23:0d:15,1527163215,2018-05-24T06:30:15.000Z,-81
5b065c3e83c8f4066c13f14e,da:a1:19:8c:3e:f2,1527163217,2018-05-24T06:30:17.000Z,-87
5b065c3e83c8f4066c13f14f,da:a1:19:21:9c:50,1527163222,2018-05-24T06:30:22.000Z,-89
5b065c3e83c8f4066c13f150,7c:78:7e:d4:ab:a0,1527163254,2018-05-24T06:30:54.000Z,-88
5b065c3e83c8f4066c13f151,e8:9e:b4:16:03:b5,1527163255,2018-05-24T06:30:55.000Z,-89
5b065c3e83c8f4066c13f152,ec:df:3a:1f:6f:be,1527163269,2018-05-24T06:31:09.000Z,-82
5b065d1683c8f4066c13f617,52:e3:83:da:00:07,1527163387,2018-05-24T06:33:07.000Z,-88
5b065d1683c8f4066c13f618,4c:18:9a:9d:14:40,1527163389,2018-05-24T06:33:09.000Z,-91
5b065d1683c8f4066c13f619,da:a1:19:44:88:05,1527163402,2018-05-24T06:33:22.000Z,-79
5b065d1683c8f4066c13f61a,90:e7:c4:53:17:67,1527163403,2018-05-24T06:33:23.000Z,-89
5b065d1683c8f4066c13f61b,da:a1:19:36:a0:a9,1527163405,2018-05-24T06:33:25.000Z,-76
5b065d1683c8f4066c13f61c,3c:91:57:ae:54:86,1527163407,2018-05-24T06:33:27.000Z,-92
5b065d1683c8f4066c13f61d,e8:9e:b4:16:03:b5,1527163435,2018-05-24T06:33:55.000Z,-89
5b065d1683c8f4066c13f61e,da:a1:19:42:3c:b9,1527163439,2018-05-24T06:33:59.000Z,-79
5b065d1683c8f4066c13f61f,e8:9e:b4:16:47:ab,1527163440,2018-05-24T06:34:00.000Z,-80
5b065d1683c8f4066c13f620,da:a1:19:6c:1e:d2,1527163460,2018-05-24T06:34:20.000Z,-76
5b065d1683c8f4066c13f621,64:db:43:a9:a8:07,1527163461,2018-05-24T06:34:21.000Z,-83
5b065d1683c8f4066c13f622,da:a1:19:fc:77:2b,1527163471,2018-05-24T06:34:31.000Z,-70
5b065d1683c8f4066c13f623,44:6d:57:da:a6:0f,1527163472,2018-05-24T06:34:32.000Z,-71
5b065d1683c8f4066c13f624,ec:df:3a:1f:6f:be,1527163481,2018-05-24T06:34:41.000Z,-72
5b065d1683c8f4066c13f625,ce:f0:1c:12:f6:7a,1527163484,2018-05-24T06:34:44.000Z,-90
5b065d1683c8f4066c13f626,4c:18:9a:9b:14:38,1527163487,2018-05-24T06:34:47.000Z,-89
5b065d1683c8f4066c13f627,dc:1a:c5:46:8d:51,1527163490,2018-05-24T06:34:50.000Z,-73
5b065d1683c8f4066c13f628,da:a1:19:bf:71:ee,1527163491,2018-05-24T06:34:51.000Z,-82
5b065dee83c8f4066c13fbc3,e8:9e:b4:16:47:ab,1527163620,2018-05-24T06:37:00.000Z,-81
5b065dee83c8f4066c13fbc4,b2:40:52:a7:34:c8,1527163627,2018-05-24T06:37:07.000Z,-88
5b065dee83c8f4066c13fbc5,7c:78:7e:6c:3d:9f,1527163636,2018-05-24T06:37:16.000Z,-91
5b065dee83c8f4066c13fbc6,ac:c3:3a:dd:b8:fc,1527163638,2018-05-24T06:37:18.000Z,-83
5b065dee83c8f4066c13fbc7,3c:91:57:ae:54:86,1527163655,2018-05-24T06:37:35.000Z,-88
5b065dee83c8f4066c13fbc8,4c:18:9a:9b:14:38,1527163702,2018-05-24T06:38:22.000Z,-86
5b065ec683c8f4066e6cca15,dc:1a:c5:46:8d:51,1527163826,2018-05-24T06:40:26.000Z,-84
5b065ec683c8f4066e6cca16,ec:df:3a:1f:6f:be,1527163846,2018-05-24T06:40:46.000Z,-76
5b065ec683c8f4066e6cca17,da:a1:19:f0:b4:2b,1527163852,2018-05-24T06:40:52.000Z,-89
5b065ec683c8f4066e6cca18,4c:18:9a:9b:14:38,1527163852,2018-05-24T06:40:52.000Z,-89
5b065ec683c8f4066e6cca19,e8:9e:b4:16:47:ab,1527163860,2018-05-24T06:41:00.000Z,-87
5b065ec683c8f4066e6cca1a,ac:c3:3a:dd:b8:fc,1527163879,2018-05-24T06:41:19.000Z,-86
5b065ec683c8f4066e6cca1b,4e:ac:f1:3f:f4:15,1527163879,2018-05-24T06:41:19.000Z,-91
5b065ec683c8f4066e6cca1c,90:e7:c4:53:17:67,1527163886,2018-05-24T06:41:26.000Z,-83
5b065ec683c8f4066e6cca1d,38:a4:ed:ed:99:af,1527163897,2018-05-24T06:41:37.000Z,-94
5b065ec683c8f4066e6cca1e,da:a1:19:e4:5f:dc,1527163902,2018-05-24T06:41:42.000Z,-83
5b065ec683c8f4066e6cca1f,da:a1:19:90:0b:bf,1527163902,2018-05-24T06:41:42.000Z,-86
5b065f9e83c8f4066c140553,da:a1:19:87:39:ed,1527164037,2018-05-24T06:43:57.000Z,-85
5b065f9e83c8f4066c140554,e8:9e:b4:16:47:ab,1527164040,2018-05-24T06:44:00.000Z,-84
5b065f9e83c8f4066c140555,e8:9e:b4:16:03:b5,1527164041,2018-05-24T06:44:01.000Z,-92
5b065f9e83c8f4066c140556,7e:59:8f:04:a4:54,1527164045,2018-05-24T06:44:05.000Z,-90
5b065f9e83c8f4066c140557,da:a1:19:d1:5f:dc,1527164064,2018-05-24T06:44:24.000Z,-86
5b065f9e83c8f4066c140558,5e:27:80:00:2c:6f,1527164068,2018-05-24T06:44:28.000Z,-92
5b065f9e83c8f4066c140559,ec:df:3a:1f:6f:be,1527164086,2018-05-24T06:44:46.000Z,-70
5b065f9e83c8f4066c14055a,ac:c3:3a:dd:b8:fc,1527164120,2018-05-24T06:45:20.000Z,-85
5b065f9e83c8f4066c14055b,90:e7:c4:53:17:67,1527164127,2018-05-24T06:45:27.000Z,-79
5b065f9e83c8f4066c14055c,4c:18:9a:9d:14:40,1527164130,2018-05-24T06:45:30.000Z,-89
5b065f9e83c8f4066c14055d,00:6f:64:d4:8b:b4,1527164136,2018-05-24T06:45:36.000Z,-83
5b06607683c8f4066e6cd538,dc:1a:c5:46:8d:51,1527164266,2018-05-24T06:47:46.000Z,-85
5b06607683c8f4066e6cd539,e8:9e:b4:16:47:ab,1527164280,2018-05-24T06:48:00.000Z,-85
5b06607683c8f4066e6cd53a,e8:9e:b4:16:03:b5,1527164281,2018-05-24T06:48:01.000Z,-89
5b06607683c8f4066e6cd53b,ac:c3:3a:dd:b8:fc,1527164291,2018-05-24T06:48:11.000Z,-80
5b06607683c8f4066e6cd53c,5e:27:80:00:2c:6f,1527164296,2018-05-24T06:48:16.000Z,-90
5b06607683c8f4066e6cd53d,ec:df:3a:1f:6f:be,1527164326,2018-05-24T06:48:46.000Z,-65
5b06607683c8f4066e6cd53e,4c:18:9a:9d:14:40,1527164345,2018-05-24T06:49:05.000Z,-88
5b06607683c8f4066e6cd53f,00:6f:64:d4:8b:b4,1527164345,2018-05-24T06:49:05.000Z,-78
5b06614f83c8f4066e6cdabf,4c:18:9a:9b:14:38,1527164491,2018-05-24T06:51:31.000Z,-89
5b06614f83c8f4066e6cdac0,3c:91:57:ae:54:86,1527164499,2018-05-24T06:51:39.000Z,-91
5b06614f83c8f4066e6cdac1,00:6f:64:d4:8b:b4,1527164503,2018-05-24T06:51:43.000Z,-82
5b06614f83c8f4066e6cdac2,dc:1a:c5:46:8d:51,1527164506,2018-05-24T06:51:46.000Z,-76
5b06614f83c8f4066e6cdac3,e8:9e:b4:16:47:ab,1527164520,2018-05-24T06:52:00.000Z,-81
5b06614f83c8f4066e6cdac4,da:a1:19:27:a2:56,1527164520,2018-05-24T06:52:00.000Z,-87
5b06614f83c8f4066e6cdac5,e8:9e:b4:16:03:b5,1527164522,2018-05-24T06:52:02.000Z,-91
5b06614f83c8f4066e6cdac6,ac:c3:3a:dd:b8:fc,1527164534,2018-05-24T06:52:14.000Z,-81
5b06614f83c8f4066e6cdac7,4c:18:9a:9d:14:40,1527164545,2018-05-24T06:52:25.000Z,-94
5b06614f83c8f4066e6cdac8,7c:78:7e:ef:42:66,1527164547,2018-05-24T06:52:27.000Z,-82
5b06614f83c8f4066e6cdac9,ec:df:3a:1f:6f:be,1527164567,2018-05-24T06:52:47.000Z,-78
5b06614f83c8f4066e6cdaca,54:b8:02:78:8e:54,1527164575,2018-05-24T06:52:55.000Z,-87
5b06614f83c8f4066e6cdacb,54:b8:02:af:83:d7,1527164582,2018-05-24T06:53:02.000Z,-82
5b06622783c8f4066e6ce2d7,ec:df:3a:1f:6f:be,1527164687,2018-05-24T06:54:47.000Z,-71
5b06622783c8f4066e6ce2d8,da:a1:19:51:5d:f3,1527164691,2018-05-24T06:54:51.000Z,-83
5b06622783c8f4066e6ce2d9,00:6f:64:d4:8b:b4,1527164691,2018-05-24T06:54:51.000Z,-78
5b06622783c8f4066e6ce2da,54:b8:02:af:83:d7,1527164696,2018-05-24T06:54:56.000Z,-84
5b06622783c8f4066e6ce2db,e8:9e:b4:16:47:ab,1527164700,2018-05-24T06:55:00.000Z,-83
5b06622783c8f4066e6ce2dc,c4:42:02:11:ea:f5,1527164709,2018-05-24T06:55:09.000Z,-84
5b06622783c8f4066e6ce2dd,da:a1:19:c2:3d:28,1527164717,2018-05-24T06:55:17.000Z,-82
5b06622783c8f4066e6ce2de,3c:91:57:ae:54:86,1527164739,2018-05-24T06:55:39.000Z,-87
5b06622783c8f4066e6ce2df,e8:9e:b4:16:03:b5,1527164762,2018-05-24T06:56:02.000Z,-88
5b06622783c8f4066e6ce2e0,da:a1:19:fe:79:2d,1527164770,2018-05-24T06:56:10.000Z,-85
5b06622783c8f4066e6ce2e1,ac:c3:3a:dd:b8:fc,1527164787,2018-05-24T06:56:27.000Z,-80
5b06622783c8f4066e6ce2e2,4c:18:9a:9b:14:38,1527164794,2018-05-24T06:56:34.000Z,-87
5b06622783c8f4066e6ce2e3,dc:1a:c5:46:8d:51,1527164797,2018-05-24T06:56:37.000Z,-71
5b0662ff83c8f4066c141c9e,ec:df:3a:1f:6f:be,1527164922,2018-05-24T06:58:42.000Z,-75
5b0662ff83c8f4066c141c9f,e8:9e:b4:16:47:ab,1527164940,2018-05-24T06:59:00.000Z,-89
5b0662ff83c8f4066c141ca0,da:a1:19:54:cf:ba,1527164942,2018-05-24T06:59:02.000Z,-92
5b0662ff83c8f4066c141ca1,e8:9e:b4:16:03:b5,1527164942,2018-05-24T06:59:02.000Z,-88
5b0662ff83c8f4066c141ca2,da:a1:19:70:b4:9f,1527164990,2018-05-24T06:59:50.000Z,-88
5b0662ff83c8f4066c141ca3,da:a1:19:82:d4:09,1527164995,2018-05-24T06:59:55.000Z,-85
5b0662ff83c8f4066c141ca4,00:6f:64:d4:8b:b4,1527164999,2018-05-24T06:59:59.000Z,-81
5b0663d783c8f4066e6cec0d,38:a4:ed:ed:99:af,1527165112,2018-05-24T07:01:52.000Z,-92
5b0663d783c8f4066e6cec0e,e8:9e:b4:16:47:ab,1527165120,2018-05-24T07:02:00.000Z,-87
5b0663d783c8f4066e6cec0f,e8:9e:b4:16:03:b5,1527165122,2018-05-24T07:02:02.000Z,-90
5b0663d783c8f4066e6cec10,dc:1a:c5:46:8d:51,1527165146,2018-05-24T07:02:26.000Z,-86
5b0663d783c8f4066e6cec11,ac:c3:3a:dd:b8:fc,1527165150,2018-05-24T07:02:30.000Z,-90
5b0663d783c8f4066e6cec12,dc:1a:c5:28:1e:4b,1527165150,2018-05-24T07:02:30.000Z,-91
5b0663d783c8f4066e6cec13,ec:df:3a:1f:6f:be,1527165170,2018-05-24T07:02:50.000Z,-73
5b0663d783c8f4066e6cec14,da:a1:19:14:8f:7a,1527165181,2018-05-24T07:03:01.000Z,-85
5b0663d783c8f4066e6cec15,00:6f:64:d4:8b:b4,1527165187,2018-05-24T07:03:07.000Z,-81
5b0664af83c8f4066e6cf13e,04:56:04:b9:92:04,1527165316,2018-05-24T07:05:16.000Z,-85
5b0664af83c8f4066e6cf13f,e8:9e:b4:16:03:b5,1527165329,2018-05-24T07:05:29.000Z,-88
5b0664af83c8f4066e6cf140,a6:14:3e:2e:be:40,1527165337,2018-05-24T07:05:37.000Z,-88
5b0664af83c8f4066e6cf141,e8:9e:b4:16:47:ab,1527165341,2018-05-24T07:05:41.000Z,-86
5b0664af83c8f4066e6cf142,f2:8f:fb:c1:88:66,1527165356,2018-05-24T07:05:56.000Z,-92
5b0664af83c8f4066e6cf143,ac:c3:3a:dd:b8:fc,1527165391,2018-05-24T07:06:31.000Z,-87
5b0664af83c8f4066e6cf144,00:6f:64:d4:8b:b4,1527165404,2018-05-24T07:06:44.000Z,-80
5b0664af83c8f4066e6cf145,ec:df:3a:1f:6f:be,1527165419,2018-05-24T07:06:59.000Z,-68
5b0664af83c8f4066e6cf146,00:08:22:da:d9:fb,1527165427,2018-05-24T07:07:07.000Z,-88
5b0664af83c8f4066e6cf147,dc:1a:c5:46:8d:51,1527165442,2018-05-24T07:07:22.000Z,-84
5b0664af83c8f4066e6cf148,4c:18:9a:9b:14:38,1527165444,2018-05-24T07:07:24.000Z,-87
5b06658783c8f4066e6cf8b7,e8:9e:b4:16:47:ab,1527165580,2018-05-24T07:09:40.000Z,-85
5b06658783c8f4066e6cf8b8,60:8e:08:c3:92:58,1527165633,2018-05-24T07:10:33.000Z,-81
5b06658783c8f4066e6cf8b9,ac:c3:3a:dd:b8:fc,1527165634,2018-05-24T07:10:34.000Z,-83
5b06658783c8f4066e6cf8ba,ec:df:3a:1f:6f:be,1527165659,2018-05-24T07:10:59.000Z,-65
5b06665f83c8f4066c14310a,7c:78:7e:cd:07:b4,1527165743,2018-05-24T07:12:23.000Z,-79
5b06665f83c8f4066c14310b,e8:9e:b4:16:03:b5,1527165749,2018-05-24T07:12:29.000Z,-87
5b06665f83c8f4066c14310c,ac:c3:3a:dd:b8:fc,1527165755,2018-05-24T07:12:35.000Z,-82
5b06665f83c8f4066c14310d,dc:1a:c5:28:1e:4b,1527165758,2018-05-24T07:12:38.000Z,-79
5b06665f83c8f4066c14310e,32:43:76:d8:80:37,1527165759,2018-05-24T07:12:39.000Z,-74
5b06665f83c8f4066c14310f,e8:9e:b4:16:47:ab,1527165761,2018-05-24T07:12:41.000Z,-84
5b06665f83c8f4066c143110,ac:c3:3a:7f:0c:b0,1527165771,2018-05-24T07:12:51.000Z,-85
5b06665f83c8f4066c143111,da:a1:19:80:4e:f4,1527165780,2018-05-24T07:13:00.000Z,-88
5b06665f83c8f4066c143112,ec:df:3a:1f:6f:be,1527165780,2018-05-24T07:13:00.000Z,-73
5b06665f83c8f4066c143113,da:a1:19:6f:ea:d5,1527165781,2018-05-24T07:13:01.000Z,-85
5b06665f83c8f4066c143114,da:a1:19:3a:85:04,1527165782,2018-05-24T07:13:02.000Z,-90
5b06665f83c8f4066c143115,4c:18:9a:9b:14:38,1527165783,2018-05-24T07:13:03.000Z,-88
5b06665f83c8f4066c143116,dc:6d:cd:e7:d9:e6,1527165785,2018-05-24T07:13:05.000Z,-90
5b06665f83c8f4066c143117,6a:42:7e:b3:68:cf,1527165797,2018-05-24T07:13:17.000Z,-71
5b06665f83c8f4066c143118,36:15:77:9b:5f:4b,1527165798,2018-05-24T07:13:18.000Z,-75
5b06665f83c8f4066c143119,26:1b:fe:b8:07:ad,1527165800,2018-05-24T07:13:20.000Z,-75
5b06665f83c8f4066c14311a,da:a1:19:d7:1b:06,1527165814,2018-05-24T07:13:34.000Z,-83
5b06665f83c8f4066c14311b,bc:2f:3d:21:45:e4,1527165818,2018-05-24T07:13:38.000Z,-81
5b06665f83c8f4066c14311c,bc:d1:1f:d8:cb:a2,1527165818,2018-05-24T07:13:38.000Z,-78
5b06665f83c8f4066c14311d,60:8e:08:c3:92:58,1527165824,2018-05-24T07:13:44.000Z,-83
5b06665f83c8f4066c14311e,da:a1:19:93:67:e8,1527165829,2018-05-24T07:13:49.000Z,-90
5b06665f83c8f4066c14311f,ac:c3:3a:03:6f:22,1527165829,2018-05-24T07:13:49.000Z,-89
5b06665f83c8f4066c143120,da:a1:19:71:b5:a0,1527165843,2018-05-24T07:14:03.000Z,-91
5b06665f83c8f4066c143121,da:a1:19:a9:5b:0f,1527165844,2018-05-24T07:14:04.000Z,-83
5b06665f83c8f4066c143122,da:a1:19:a3:f0:9a,1527165849,2018-05-24T07:14:09.000Z,-83
5b06665f83c8f4066c143123,54:b8:02:c0:44:47,1527165853,2018-05-24T07:14:13.000Z,-72
5b06665f83c8f4066c143124,cc:c3:ea:8c:2a:11,1527165869,2018-05-24T07:14:29.000Z,-89
5b06673783c8f4066c143802,26:1b:fe:b8:07:ad,1527165976,2018-05-24T07:16:16.000Z,-86
5b06673783c8f4066c143803,7e:65:85:c7:02:fd,1527165978,2018-05-24T07:16:18.000Z,-90
5b06673783c8f4066c143804,72:d5:5c:8b:12:56,1527165983,2018-05-24T07:16:23.000Z,-86
5b06673783c8f4066c143805,e8:9e:b4:16:03:b5,1527165989,2018-05-24T07:16:29.000Z,-88
5b06673783c8f4066c143806,dc:1a:c5:46:8d:51,1527165995,2018-05-24T07:16:35.000Z,-86
5b06673783c8f4066c143807,ac:c3:3a:dd:b8:fc,1527165996,2018-05-24T07:16:36.000Z,-80
5b06673783c8f4066c143808,e8:9e:b4:16:47:ab,1527166001,2018-05-24T07:16:41.000Z,-82
5b06673783c8f4066c143809,5c:51:88:66:1b:49,1527166011,2018-05-24T07:16:51.000Z,-86
5b06673783c8f4066c14380a,ec:df:3a:1f:6f:be,1527166020,2018-05-24T07:17:00.000Z,-77
5b06673783c8f4066c14380b,bc:2f:3d:21:45:e4,1527166025,2018-05-24T07:17:05.000Z,-86
5b06673783c8f4066c14380c,4c:18:9a:a4:91:16,1527166028,2018-05-24T07:17:08.000Z,-91
5b06673783c8f4066c14380d,00:6f:64:d4:8b:b4,1527166043,2018-05-24T07:17:23.000Z,-83
5b06673783c8f4066c14380e,7c:78:7e:cd:07:b4,1527166043,2018-05-24T07:17:23.000Z,-83
5b06673783c8f4066c14380f,16:2e:44:3a:d7:92,1527166062,2018-05-24T07:17:42.000Z,-90
5b06680f83c8f4066e6d077d,e8:9e:b4:16:03:b5,1527166169,2018-05-24T07:19:29.000Z,-91
5b06680f83c8f4066e6d077e,e8:9e:b4:16:47:ab,1527166181,2018-05-24T07:19:41.000Z,-82
5b06680f83c8f4066e6d077f,dc:1a:c5:28:1e:4b,1527166182,2018-05-24T07:19:42.000Z,-86
5b06680f83c8f4066e6d0780,6e:e0:eb:f8:2b:f6,1527166200,2018-05-24T07:20:00.000Z,-89
5b06680f83c8f4066e6d0781,c6:61:27:e0:a6:98,1527166213,2018-05-24T07:20:13.000Z,-81
5b06680f83c8f4066e6d0782,dc:1a:c5:46:8d:51,1527166216,2018-05-24T07:20:16.000Z,-85
5b06680f83c8f4066e6d0783,ca:be:09:e1:9b:f5,1527166217,2018-05-24T07:20:17.000Z,-89
5b06680f83c8f4066e6d0784,f6:b1:b3:65:4b:d9,1527166221,2018-05-24T07:20:21.000Z,-88
5b06680f83c8f4066e6d0785,82:1f:a2:a3:06:a0,1527166224,2018-05-24T07:20:24.000Z,-87
5b06680f83c8f4066e6d0786,ac:c3:3a:dd:b8:fc,1527166237,2018-05-24T07:20:37.000Z,-90
5b06680f83c8f4066e6d0787,34:78:d7:79:8a:51,1527166251,2018-05-24T07:20:51.000Z,-71
5b06680f83c8f4066e6d0788,ec:df:3a:1f:6f:be,1527166261,2018-05-24T07:21:01.000Z,-73
5b06680f83c8f4066e6d0789,fa:fd:70:07:53:e8,1527166289,2018-05-24T07:21:29.000Z,-85
5b0668e783c8f4066e6d0e91,ce:3a:c7:54:c9:68,1527166386,2018-05-24T07:23:06.000Z,-62
5b0668e783c8f4066e6d0e92,ec:df:3a:1f:6f:be,1527166394,2018-05-24T07:23:14.000Z,-72
5b0668e783c8f4066e6d0e93,ac:c3:3a:7f:0c:b0,1527166408,2018-05-24T07:23:28.000Z,-86
5b0668e783c8f4066e6d0e94,e8:9e:b4:16:47:ab,1527166421,2018-05-24T07:23:41.000Z,-85
5b0668e783c8f4066e6d0e95,c8:f2:30:e7:3d:6e,1527166429,2018-05-24T07:23:49.000Z,-86
5b0668e783c8f4066e6d0e96,82:db:24:83:87:8e,1527166431,2018-05-24T07:23:51.000Z,-62
5b0668e783c8f4066e6d0e97,da:a1:19:19:03:7a,1527166434,2018-05-24T07:23:54.000Z,-90
5b0668e783c8f4066e6d0e98,4c:18:9a:a4:91:16,1527166439,2018-05-24T07:23:59.000Z,-83
5b0668e783c8f4066e6d0e99,da:a1:19:b5:67:52,1527166441,2018-05-24T07:24:01.000Z,-90
5b0668e783c8f4066e6d0e9a,5e:83:09:1f:e8:3f,1527166473,2018-05-24T07:24:33.000Z,-58
5b0668e783c8f4066e6d0e9b,22:4b:02:84:40:43,1527166473,2018-05-24T07:24:33.000Z,-76
5b0668e783c8f4066e6d0e9c,dc:1a:c5:46:8d:51,1527166475,2018-05-24T07:24:35.000Z,-83
5b0668e783c8f4066e6d0e9d,ac:c3:3a:dd:b8:fc,1527166480,2018-05-24T07:24:40.000Z,-86
5b0668e783c8f4066e6d0e9e,7c:78:7e:cd:07:b4,1527166484,2018-05-24T07:24:44.000Z,-85
5b0668e783c8f4066e6d0e9f,00:6f:64:d4:8b:b4,1527166503,2018-05-24T07:25:03.000Z,-80
5b0669bf83c8f4066c144c48,c6:fd:98:6c:e5:50,1527166602,2018-05-24T07:26:42.000Z,-74
5b0669bf83c8f4066c144c49,36:43:db:df:c4:45,1527166606,2018-05-24T07:26:46.000Z,-49
5b0669bf83c8f4066c144c4a,c8:f2:30:e7:3d:6e,1527166606,2018-05-24T07:26:46.000Z,-82
5b0669bf83c8f4066c144c4b,4e:e7:98:4d:8d:8e,1527166614,2018-05-24T07:26:54.000Z,-50
5b0669bf83c8f4066c144c4c,da:a1:19:b5:c2:ad,1527166623,2018-05-24T07:27:03.000Z,-87
5b0669bf83c8f4066c144c4d,da:a1:19:ad:28:13,1527166623,2018-05-24T07:27:03.000Z,-86
5b0669bf83c8f4066c144c4e,ec:df:3a:1f:6f:be,1527166635,2018-05-24T07:27:15.000Z,-69
5b0669bf83c8f4066c144c4f,dc:1a:c5:46:8d:51,1527166637,2018-05-24T07:27:17.000Z,-82
5b0669bf83c8f4066c144c50,e8:9e:b4:16:03:b5,1527166649,2018-05-24T07:27:29.000Z,-88
5b0669bf83c8f4066c144c51,00:6f:64:d4:8b:b4,1527166650,2018-05-24T07:27:30.000Z,-80
5b0669bf83c8f4066c144c52,ac:c3:3a:7f:0c:b0,1527166653,2018-05-24T07:27:33.000Z,-87
5b0669bf83c8f4066c144c53,e8:9e:b4:16:47:ab,1527166661,2018-05-24T07:27:41.000Z,-85
5b0669bf83c8f4066c144c54,fe:2a:b0:5b:a4:08,1527166701,2018-05-24T07:28:21.000Z,-64
5b0669bf83c8f4066c144c55,86:e2:f5:07:fb:fe,1527166714,2018-05-24T07:28:34.000Z,-52
5b0669bf83c8f4066c144c56,fe:53:33:a3:7b:10,1527166715,2018-05-24T07:28:35.000Z,-70
5b0669bf83c8f4066c144c57,ac:c3:3a:dd:b8:fc,1527166720,2018-05-24T07:28:40.000Z,-87
5b0669bf83c8f4066c144c58,3e:e0:94:ae:25:4d,1527166721,2018-05-24T07:28:41.000Z,-50
5b0669bf83c8f4066c144c59,52:4c:43:71:ab:3f,1527166721,2018-05-24T07:28:41.000Z,-75
5b066a9783c8f4066e6d1aa0,da:a1:19:94:46:31,1527166815,2018-05-24T07:30:15.000Z,-82
5b066a9783c8f4066e6d1aa1,c8:f2:30:e7:3d:6e,1527166831,2018-05-24T07:30:31.000Z,-86
5b066a9783c8f4066e6d1aa2,ba:2a:c9:cf:bb:dc,1527166836,2018-05-24T07:30:36.000Z,-57
5b066a9783c8f4066e6d1aa3,60:8e:08:c3:92:58,1527166838,2018-05-24T07:30:38.000Z,-85
5b066a9783c8f4066e6d1aa4,e8:9e:b4:16:47:ab,1527166841,2018-05-24T07:30:41.000Z,-81
5b066a9783c8f4066e6d1aa5,9c:5c:f9:67:c9:7a,1527166844,2018-05-24T07:30:44.000Z,-80
5b066a9783c8f4066e6d1aa6,ba:ef:94:4b:5e:5c,1527166849,2018-05-24T07:30:49.000Z,-58
5b066a9783c8f4066e6d1aa7,16:b4:4b:fd:a6:f8,1527166849,2018-05-24T07:30:49.000Z,-63
5b066a9783c8f4066e6d1aa8,4e:51:c2:d0:e0:83,1527166852,2018-05-24T07:30:52.000Z,-53
5b066a9783c8f4066e6d1aa9,ac:c3:3a:dd:b8:fc,1527166855,2018-05-24T07:30:55.000Z,-82
5b066a9783c8f4066e6d1aaa,66:c3:14:35:a3:da,1527166860,2018-05-24T07:31:00.000Z,-54
5b066a9783c8f4066e6d1aab,ec:df:3a:1f:6f:be,1527166875,2018-05-24T07:31:15.000Z,-75
5b066a9783c8f4066e6d1aac,dc:1a:c5:46:8d:51,1527166883,2018-05-24T07:31:23.000Z,-82
5b066a9783c8f4066e6d1aad,54:b8:02:fe:47:ce,1527166887,2018-05-24T07:31:27.000Z,-81
5b066a9783c8f4066e6d1aae,e8:9e:b4:16:03:b5,1527166889,2018-05-24T07:31:29.000Z,-89
5b066a9783c8f4066e6d1aaf,20:82:c0:82:3f:d1,1527166910,2018-05-24T07:31:50.000Z,-91
5b066a9783c8f4066e6d1ab0,da:a1:19:65:32:b5,1527166923,2018-05-24T07:32:03.000Z,-88
5b066a9783c8f4066e6d1ab1,ac:c3:3a:7f:0c:b0,1527166925,2018-05-24T07:32:05.000Z,-82
5b066a9783c8f4066e6d1ab2,7c:78:7e:ee:27:27,1527166931,2018-05-24T07:32:11.000Z,-76
5b066a9783c8f4066e6d1ab3,00:6f:64:d4:8b:b4,1527166955,2018-05-24T07:32:35.000Z,-83
5b066b6f83c8f4066c145688,16:a5:0d:92:17:f6,1527167045,2018-05-24T07:34:05.000Z,-63
5b066b6f83c8f4066c145689,c8:f2:30:e7:3d:6e,1527167053,2018-05-24T07:34:13.000Z,-89
5b066b6f83c8f4066c14568a,da:a1:19:7e:f9:e4,1527167070,2018-05-24T07:34:30.000Z,-83
5b066b6f83c8f4066c14568b,dc:1a:c5:46:8d:51,1527167078,2018-05-24T07:34:38.000Z,-82
5b066b6f83c8f4066c14568c,e8:9e:b4:16:47:ab,1527167081,2018-05-24T07:34:41.000Z,-85
5b066b6f83c8f4066c14568d,da:a1:19:9f:62:4c,1527167092,2018-05-24T07:34:52.000Z,-79
5b066b6f83c8f4066c14568e,ac:c3:3a:dd:b8:fc,1527167096,2018-05-24T07:34:56.000Z,-80
5b066b6f83c8f4066c14568f,da:a1:19:32:06:27,1527167097,2018-05-24T07:34:57.000Z,-79
5b066b6f83c8f4066c145690,da:a1:19:98:a5:59,1527167100,2018-05-24T07:35:00.000Z,-84
5b066b6f83c8f4066c145691,da:a1:19:e4:28:13,1527167104,2018-05-24T07:35:04.000Z,-86
5b066b6f83c8f4066c145692,da:a1:19:eb:9d:51,1527167107,2018-05-24T07:35:07.000Z,-90
5b066b6f83c8f4066c145693,00:6f:64:d4:8b:b4,1527167110,2018-05-24T07:35:10.000Z,-82
5b066b6f83c8f4066c145694,ec:df:3a:1f:6f:be,1527167115,2018-05-24T07:35:15.000Z,-73
5b066b6f83c8f4066c145695,e8:9e:b4:16:03:b5,1527167129,2018-05-24T07:35:29.000Z,-89
5b066b6f83c8f4066c145696,e6:76:00:0a:4e:dc,1527167152,2018-05-24T07:35:52.000Z,-70
5b066b6f83c8f4066c145697,1e:9a:9d:c6:8d:2d,1527167152,2018-05-24T07:35:52.000Z,-75
5b066b6f83c8f4066c145698,ac:c3:3a:7f:0c:b0,1527167153,2018-05-24T07:35:53.000Z,-80
5b066c4783c8f4066e6d2485,c8:f2:30:e7:3d:6e,1527167247,2018-05-24T07:37:27.000Z,-83
5b066c4783c8f4066e6d2486,ec:df:3a:1f:6f:be,1527167248,2018-05-24T07:37:28.000Z,-75
5b066c4783c8f4066e6d2487,e8:9e:b4:16:03:b5,1527167249,2018-05-24T07:37:29.000Z,-90
5b066c4783c8f4066e6d2488,52:33:26:af:65:a7,1527167259,2018-05-24T07:37:39.000Z,-51
5b066c4783c8f4066e6d2489,e8:9e:b4:16:47:ab,1527167261,2018-05-24T07:37:41.000Z,-83
5b066c4783c8f4066e6d248a,9c:5c:f9:67:c9:7a,1527167273,2018-05-24T07:37:53.000Z,-73
5b066c4783c8f4066e6d248b,00:6f:64:d4:8b:b4,1527167282,2018-05-24T07:38:02.000Z,-80
5b066c4783c8f4066e6d248c,ac:c3:3a:7f:0c:b0,1527167286,2018-05-24T07:38:06.000Z,-82
5b066c4783c8f4066e6d248d,c0:9f:05:6e:61:ec,1527167315,2018-05-24T07:38:35.000Z,-79
5b066c4783c8f4066e6d248e,ac:c3:3a:dd:b8:fc,1527167337,2018-05-24T07:38:57.000Z,-81
5b066c4783c8f4066e6d248f,da:a1:19:0b:86:71,1527167348,2018-05-24T07:39:08.000Z,-85
5b066c4783c8f4066e6d2490,da:a1:19:3c:2f:2d,1527167351,2018-05-24T07:39:11.000Z,-85
5b066c4783c8f4066e6d2491,54:b8:02:1b:40:cd,1527167379,2018-05-24T07:39:39.000Z,-77
5b066d1f83c8f4066c145f63,ac:c3:3a:dd:b8:fc,1527167471,2018-05-24T07:41:11.000Z,-87
5b066d1f83c8f4066c145f64,c8:f2:30:e7:3d:6e,1527167487,2018-05-24T07:41:27.000Z,-89
5b066d1f83c8f4066c145f65,dc:1a:c5:46:8d:51,1527167493,2018-05-24T07:41:33.000Z,-78
5b066d1f83c8f4066c145f66,c0:9f:05:6e:61:ec,1527167496,2018-05-24T07:41:36.000Z,-83
5b066d1f83c8f4066c145f67,ec:df:3a:1f:6f:be,1527167499,2018-05-24T07:41:39.000Z,-72
5b066d1f83c8f4066c145f68,e8:9e:b4:16:47:ab,1527167501,2018-05-24T07:41:41.000Z,-83
5b066d1f83c8f4066c145f69,da:a1:19:69:3c:87,1527167503,2018-05-24T07:41:43.000Z,-83
5b066d1f83c8f4066c145f6a,da:a1:19:06:19:fc,1527167504,2018-05-24T07:41:44.000Z,-83
5b066d1f83c8f4066c145f6b,da:a1:19:21:d7:b8,1527167509,2018-05-24T07:41:49.000Z,-85
5b066d1f83c8f4066c145f6c,da:a1:19:6b:e6:9a,1527167514,2018-05-24T07:41:54.000Z,-88
5b066d1f83c8f4066c145f6d,52:33:26:af:65:a7,1527167517,2018-05-24T07:41:57.000Z,-56
5b066d1f83c8f4066c145f6e,da:a1:19:12:8d:78,1527167522,2018-05-24T07:42:02.000Z,-87
5b066d1f83c8f4066c145f6f,60:21:01:8d:58:f0,1527167541,2018-05-24T07:42:21.000Z,-77
5b066d1f83c8f4066c145f70,20:82:c0:82:3f:d1,1527167544,2018-05-24T07:42:24.000Z,-91
5b066d1f83c8f4066c145f71,e8:9e:b4:16:03:b5,1527167549,2018-05-24T07:42:29.000Z,-93
5b066d1f83c8f4066c145f72,e4:5d:75:62:77:57,1527167554,2018-05-24T07:42:34.000Z,-82
5b066d1f83c8f4066c145f73,4c:18:9a:a4:91:16,1527167561,2018-05-24T07:42:41.000Z,-84
5b066d1f83c8f4066c145f74,64:db:43:a9:a8:07,1527167562,2018-05-24T07:42:42.000Z,-80
5b066d1f83c8f4066c145f75,ac:c3:3a:7f:0c:b0,1527167564,2018-05-24T07:42:44.000Z,-85
5b066d1f83c8f4066c145f76,da:a1:19:2d:55:95,1527167573,2018-05-24T07:42:53.000Z,-84
5b066d1f83c8f4066c145f77,0a:15:b5:b4:45:fe,1527167575,2018-05-24T07:42:55.000Z,-55
5b066d1f83c8f4066c145f78,0e:07:6f:5d:38:90,1527167576,2018-05-24T07:42:56.000Z,-65
5b066d1f83c8f4066c145f79,44:6d:57:da:a6:0f,1527167595,2018-05-24T07:43:15.000Z,-71
5b066df783c8f4066c1462bc,c8:f2:30:e7:3d:6e,1527167690,2018-05-24T07:44:50.000Z,-83
5b066df783c8f4066c1462bd,00:6f:64:d4:8b:b4,1527167692,2018-05-24T07:44:52.000Z,-80
5b066df783c8f4066c1462be,ec:df:3a:1f:6f:be,1527167694,2018-05-24T07:44:54.000Z,-68
5b066df783c8f4066c1462bf,64:db:43:a9:a8:07,1527167715,2018-05-24T07:45:15.000Z,-81
5b066df783c8f4066c1462c0,ac:c3:3a:dd:b8:fc,1527167723,2018-05-24T07:45:23.000Z,-84
5b066df783c8f4066c1462c1,e8:9e:b4:16:03:b5,1527167729,2018-05-24T07:45:29.000Z,-92
5b066df783c8f4066c1462c2,e8:9e:b4:16:47:ab,1527167735,2018-05-24T07:45:35.000Z,-88
5b066df783c8f4066c1462c3,c0:9f:05:6e:61:ec,1527167739,2018-05-24T07:45:39.000Z,-87
5b066df783c8f4066c1462c4,7a:a4:8c:bb:5c:e2,1527167758,2018-05-24T07:45:58.000Z,-60
5b066df783c8f4066c1462c5,66:30:e1:b4:90:c8,1527167776,2018-05-24T07:46:16.000Z,-60
5b066df783c8f4066c1462c6,ce:90:a1:fb:cf:ca,1527167777,2018-05-24T07:46:17.000Z,-65
5b066df783c8f4066c1462c7,dc:1a:c5:46:8d:51,1527167784,2018-05-24T07:46:24.000Z,-88
5b066df783c8f4066c1462c8,da:a1:19:f1:6c:57,1527167804,2018-05-24T07:46:44.000Z,-81
5b066df783c8f4066c1462c9,08:3d:88:56:96:02,1527167812,2018-05-24T07:46:52.000Z,-86
5b066df783c8f4066c1462ca,e4:5d:75:62:77:57,1527167812,2018-05-24T07:46:52.000Z,-82
5b066df783c8f4066c1462cb,ac:c3:3a:7f:0c:b0,1527167813,2018-05-24T07:46:53.000Z,-85
5b066df783c8f4066c1462cc,44:6d:57:da:a6:0f,1527167813,2018-05-24T07:46:53.000Z,-80
5b066ecf83c8f4066c1467bf,c0:9f:05:6e:61:ec,1527167908,2018-05-24T07:48:28.000Z,-88
5b066ecf83c8f4066c1467c0,e8:9e:b4:16:03:b5,1527167909,2018-05-24T07:48:29.000Z,-89
5b066ecf83c8f4066c1467c1,00:6f:64:d4:8b:b4,1527167912,2018-05-24T07:48:32.000Z,-83
5b066ecf83c8f4066c1467c2,e8:9e:b4:16:47:ab,1527167915,2018-05-24T07:48:35.000Z,-79
5b066ecf83c8f4066c1467c3,dc:1a:c5:46:8d:51,1527167915,2018-05-24T07:48:35.000Z,-82
5b066ecf83c8f4066c1467c4,9c:5c:f9:67:c9:7a,1527167916,2018-05-24T07:48:36.000Z,-87
5b066ecf83c8f4066c1467c5,d0:17:c2:39:36:be,1527167932,2018-05-24T07:48:52.000Z,-77
5b066ecf83c8f4066c1467c6,ec:df:3a:1f:6f:be,1527167935,2018-05-24T07:48:55.000Z,-72
5b066ecf83c8f4066c1467c7,08:3d:88:56:96:02,1527167942,2018-05-24T07:49:02.000Z,-75
5b066ecf83c8f4066c1467c8,58:c5:83:57:99:bc,1527167956,2018-05-24T07:49:16.000Z,-90
5b066ecf83c8f4066c1467c9,ac:c3:3a:dd:b8:fc,1527167964,2018-05-24T07:49:24.000Z,-85
5b066ecf83c8f4066c1467ca,e4:5d:75:62:77:57,1527167967,2018-05-24T07:49:27.000Z,-77
5b066ecf83c8f4066c1467cb,da:a1:19:d9:78:f5,1527167972,2018-05-24T07:49:32.000Z,-89
5b066ecf83c8f4066c1467cc,da:a1:19:6a:64:18,1527167983,2018-05-24T07:49:43.000Z,-79
5b066ecf83c8f4066c1467cd,da:a1:19:15:7d:31,1527167983,2018-05-24T07:49:43.000Z,-81
5b066ecf83c8f4066c1467ce,da:a1:19:7c:76:f3,1527167983,2018-05-24T07:49:43.000Z,-82
5b066ecf83c8f4066c1467cf,da:a1:19:eb:f2:62,1527167990,2018-05-24T07:49:50.000Z,-83
5b066ecf83c8f4066c1467d0,fa:ad:e2:52:2c:0f,1527167996,2018-05-24T07:49:56.000Z,-60
5b066ecf83c8f4066c1467d1,da:a1:19:e2:4a:c7,1527167997,2018-05-24T07:49:57.000Z,-84
5b066ecf83c8f4066c1467d2,b6:74:98:5d:20:9b,1527167997,2018-05-24T07:49:57.000Z,-68
5b066ecf83c8f4066c1467d3,da:a1:19:84:47:fb,1527168008,2018-05-24T07:50:08.000Z,-82
5b066ecf83c8f4066c1467d4,da:a1:19:b2:9b:4f,1527168008,2018-05-24T07:50:08.000Z,-77
5b066ecf83c8f4066c1467d5,da:a1:19:ba:a3:57,1527168008,2018-05-24T07:50:08.000Z,-81
5b066ecf83c8f4066c1467d6,54:b8:02:41:31:f7,1527168010,2018-05-24T07:50:10.000Z,-72
5b066ecf83c8f4066c1467d7,da:a1:19:ff:9e:1b,1527168019,2018-05-24T07:50:19.000Z,-81
5b066ecf83c8f4066c1467d8,da:a1:19:4b:fd:b1,1527168019,2018-05-24T07:50:19.000Z,-78
5b066ecf83c8f4066c1467d9,da:a1:19:bf:84:38,1527168019,2018-05-24T07:50:19.000Z,-80
5b066ecf83c8f4066c1467da,da:a1:19:54:ab:5f,1527168019,2018-05-24T07:50:19.000Z,-77
5b066ecf83c8f4066c1467db,da:a1:19:51:16:ca,1527168019,2018-05-24T07:50:19.000Z,-79
5b066ecf83c8f4066c1467dc,02:4e:08:f0:98:1d,1527168028,2018-05-24T07:50:28.000Z,-60
5b066ecf83c8f4066c1467dd,da:a1:19:8c:2b:a8,1527168030,2018-05-24T07:50:30.000Z,-74
5b066ecf83c8f4066c1467de,da:a1:19:10:78:2c,1527168030,2018-05-24T07:50:30.000Z,-72
5b066ecf83c8f4066c1467df,da:a1:19:9d:05:4a,1527168030,2018-05-24T07:50:30.000Z,-72
5b066ecf83c8f4066c1467e0,da:a1:19:31:d0:84,1527168030,2018-05-24T07:50:30.000Z,-73
5b066ecf83c8f4066c1467e1,da:a1:19:97:49:c6,1527168030,2018-05-24T07:50:30.000Z,-77
5b066fa783c8f4066c146c10,da:a1:19:cb:c7:b2,1527168107,2018-05-24T07:51:47.000Z,-77
5b066fa783c8f4066c146c11,da:a1:19:b3:af:2c,1527168107,2018-05-24T07:51:47.000Z,-79
5b066fa783c8f4066c146c12,da:a1:19:38:69:e6,1527168118,2018-05-24T07:51:58.000Z,-68
5b066fa783c8f4066c146c13,da:a1:19:8d:87:72,1527168118,2018-05-24T07:51:58.000Z,-71
5b066fa783c8f4066c146c14,da:a1:19:85:37:eb,1527168118,2018-05-24T07:51:58.000Z,-78
5b066fa783c8f4066c146c15,da:a1:19:82:58:0c,1527168118,2018-05-24T07:51:58.000Z,-65
5b066fa783c8f4066c146c16,da:a1:19:ed:1e:d2,1527168118,2018-05-24T07:51:58.000Z,-71
5b066fa783c8f4066c146c17,e4:5d:75:62:77:57,1527168118,2018-05-24T07:51:58.000Z,-83
5b066fa783c8f4066c146c18,da:a1:19:8d:70:0a,1527168120,2018-05-24T07:52:00.000Z,-74
5b066fa783c8f4066c146c19,ac:c3:3a:dd:b8:fc,1527168120,2018-05-24T07:52:00.000Z,-85
5b066fa783c8f4066c146c1a,da:a1:19:a4:8a:e7,1527168125,2018-05-24T07:52:05.000Z,-73
5b066fa783c8f4066c146c1b,da:a1:19:27:ec:a0,1527168127,2018-05-24T07:52:07.000Z,-84
5b066fa783c8f4066c146c1c,da:a1:19:49:0e:c2,1527168127,2018-05-24T07:52:07.000Z,-78
5b066fa783c8f4066c146c1d,da:a1:19:47:0c:c0,1527168127,2018-05-24T07:52:07.000Z,-72
5b066fa783c8f4066c146c1e,da:a1:19:ee:7c:30,1527168127,2018-05-24T07:52:07.000Z,-75
5b066fa783c8f4066c146c1f,58:c5:83:57:99:bc,1527168129,2018-05-24T07:52:09.000Z,-87
5b066fa783c8f4066c146c20,da:a1:19:5e:10:c4,1527168138,2018-05-24T07:52:18.000Z,-80
5b066fa783c8f4066c146c21,da:a1:19:f7:e0:cb,1527168138,2018-05-24T07:52:18.000Z,-79
5b066fa783c8f4066c146c22,da:a1:19:96:48:fc,1527168138,2018-05-24T07:52:18.000Z,-77
5b066fa783c8f4066c146c23,da:a1:19:ef:a1:55,1527168149,2018-05-24T07:52:29.000Z,-79
5b066fa783c8f4066c146c24,da:a1:19:ea:d3:87,1527168149,2018-05-24T07:52:29.000Z,-76
5b066fa783c8f4066c146c25,da:a1:19:43:f5:a9,1527168149,2018-05-24T07:52:29.000Z,-77
5b066fa783c8f4066c146c26,e8:9e:b4:16:03:b5,1527168149,2018-05-24T07:52:29.000Z,-88
5b066fa783c8f4066c146c27,e8:9e:b4:16:47:ab,1527168155,2018-05-24T07:52:35.000Z,-79
5b066fa783c8f4066c146c28,dc:1a:c5:46:8d:51,1527168156,2018-05-24T07:52:36.000Z,-82
5b066fa783c8f4066c146c29,da:a1:19:0a:a9:5d,1527168160,2018-05-24T07:52:40.000Z,-73
5b066fa783c8f4066c146c2a,da:a1:19:3b:ed:a1,1527168160,2018-05-24T07:52:40.000Z,-70
5b066fa783c8f4066c146c2b,da:a1:19:74:13:90,1527168160,2018-05-24T07:52:40.000Z,-73
5b066fa783c8f4066c146c2c,da:a1:19:85:b6:6a,1527168161,2018-05-24T07:52:41.000Z,-72
5b066fa783c8f4066c146c2d,da:a1:19:10:30:e4,1527168161,2018-05-24T07:52:41.000Z,-76
5b066fa783c8f4066c146c2e,d4:1a:3f:fb:f3:81,1527168164,2018-05-24T07:52:44.000Z,-76
5b066fa783c8f4066c146c2f,da:a1:19:f3:92:46,1527168172,2018-05-24T07:52:52.000Z,-81
5b066fa783c8f4066c146c30,da:a1:19:ee:1f:d3,1527168172,2018-05-24T07:52:52.000Z,-82
5b066fa783c8f4066c146c31,da:a1:19:84:ec:69,1527168172,2018-05-24T07:52:52.000Z,-82
5b066fa783c8f4066c146c32,ec:df:3a:1f:6f:be,1527168176,2018-05-24T07:52:56.000Z,-78
5b066fa783c8f4066c146c33,7c:78:7e:cd:07:b4,1527168178,2018-05-24T07:52:58.000Z,-85
5b066fa783c8f4066c146c34,da:a1:19:fd:2f:75,1527168183,2018-05-24T07:53:03.000Z,-77
5b066fa783c8f4066c146c35,da:a1:19:92:31:e5,1527168183,2018-05-24T07:53:03.000Z,-85
5b066fa783c8f4066c146c36,da:a1:19:20:88:05,1527168183,2018-05-24T07:53:03.000Z,-84
5b066fa783c8f4066c146c37,c0:9f:05:6e:61:ec,1527168187,2018-05-24T07:53:07.000Z,-82
5b066fa783c8f4066c146c38,da:a1:19:b1:50:04,1527168204,2018-05-24T07:53:24.000Z,-75
5b066fa783c8f4066c146c39,da:a1:19:d7:52:06,1527168204,2018-05-24T07:53:24.000Z,-74
5b066fa783c8f4066c146c3a,da:a1:19:a7:35:b2,1527168204,2018-05-24T07:53:24.000Z,-73
5b066fa783c8f4066c146c3b,da:a1:19:0a:06:83,1527168204,2018-05-24T07:53:24.000Z,-73
5b066fa783c8f4066c146c3c,da:a1:19:04:c9:46,1527168204,2018-05-24T07:53:24.000Z,-79
5b066fa783c8f4066c146c3d,02:4e:08:f0:98:1d,1527168206,2018-05-24T07:53:26.000Z,-56
5b066fa783c8f4066c146c3e,da:a1:19:f0:58:43,1527168225,2018-05-24T07:53:45.000Z,-70
5b066fa783c8f4066c146c3f,da:a1:19:50:02:b6,1527168225,2018-05-24T07:53:45.000Z,-70
5b066fa783c8f4066c146c40,da:a1:19:f1:da:c5,1527168225,2018-05-24T07:53:45.000Z,-77
5b066fa783c8f4066c146c41,da:a1:19:e5:4d:ca,1527168225,2018-05-24T07:53:45.000Z,-74
5b066fa783c8f4066c146c42,da:a1:19:ee:56:0a,1527168225,2018-05-24T07:53:45.000Z,-76
5b066fa783c8f4066c146c43,00:6f:64:d4:8b:b4,1527168231,2018-05-24T07:53:51.000Z,-86
5b066fa783c8f4066c146c44,54:b8:02:4e:45:0a,1527168234,2018-05-24T07:53:54.000Z,-66
5b066fa783c8f4066c146c45,da:a1:19:0f:dc:55,1527168242,2018-05-24T07:54:02.000Z,-70
5b066fa783c8f4066c146c46,da:a1:19:db:c4:78,1527168247,2018-05-24T07:54:07.000Z,-81
5b066fa783c8f4066c146c47,da:a1:19:f2:23:a0,1527168247,2018-05-24T07:54:07.000Z,-74
5b066fa783c8f4066c146c48,da:a1:19:24:d6:8a,1527168247,2018-05-24T07:54:07.000Z,-78
5b066fa783c8f4066c146c49,da:a1:19:0c:be:72,1527168247,2018-05-24T07:54:07.000Z,-79
5b066fa783c8f4066c146c4a,da:a1:19:44:c9:11,1527168250,2018-05-24T07:54:10.000Z,-77
5b06707f83c8f4066c147085,e8:9e:b4:16:03:b5,1527168329,2018-05-24T07:55:29.000Z,-90
5b06707f83c8f4066c147086,08:3d:88:56:96:02,1527168334,2018-05-24T07:55:34.000Z,-88
5b06707f83c8f4066c147087,e8:9e:b4:16:47:ab,1527168335,2018-05-24T07:55:35.000Z,-81
5b06707f83c8f4066c147088,da:a1:19:29:5d:fd,1527168336,2018-05-24T07:55:36.000Z,-61
5b06707f83c8f4066c147089,da:a1:19:4b:ea:9e,1527168337,2018-05-24T07:55:37.000Z,-74
5b06707f83c8f4066c14708a,da:a1:19:77:60:dd,1527168337,2018-05-24T07:55:37.000Z,-81
5b06707f83c8f4066c14708b,da:a1:19:d8:09:86,1527168337,2018-05-24T07:55:37.000Z,-72
5b06707f83c8f4066c14708c,da:a1:19:9b:03:80,1527168337,2018-05-24T07:55:37.000Z,-74
5b06707f83c8f4066c14708d,da:a1:19:75:dd:91,1527168337,2018-05-24T07:55:37.000Z,-81
5b06707f83c8f4066c14708e,c0:9f:05:6e:61:ec,1527168339,2018-05-24T07:55:39.000Z,-83
5b06707f83c8f4066c14708f,58:c5:83:57:99:bc,1527168346,2018-05-24T07:55:46.000Z,-81
5b06707f83c8f4066c147090,d0:17:c2:39:36:be,1527168347,2018-05-24T07:55:47.000Z,-75
5b06707f83c8f4066c147091,da:a1:19:39:d8:8c,1527168358,2018-05-24T07:55:58.000Z,-85
5b06707f83c8f4066c147092,da:a1:19:0a:a9:5d,1527168358,2018-05-24T07:55:58.000Z,-83
5b06707f83c8f4066c147093,da:a1:19:34:65:19,1527168358,2018-05-24T07:55:58.000Z,-77
5b06707f83c8f4066c147094,da:a1:19:0c:be:3b,1527168358,2018-05-24T07:55:58.000Z,-82
5b06707f83c8f4066c147095,02:4e:08:f0:98:1d,1527168359,2018-05-24T07:55:59.000Z,-59
5b06707f83c8f4066c147096,da:a1:19:e7:e5:60,1527168363,2018-05-24T07:56:03.000Z,-85
5b06707f83c8f4066c147097,da:a1:19:1c:4d:01,1527168369,2018-05-24T07:56:09.000Z,-80
5b06707f83c8f4066c147098,da:a1:19:f9:f3:a7,1527168369,2018-05-24T07:56:09.000Z,-88
5b06707f83c8f4066c147099,da:a1:19:9d:05:b9,1527168369,2018-05-24T07:56:09.000Z,-83
5b06707f83c8f4066c14709a,da:a1:19:c1:33:47,1527168373,2018-05-24T07:56:13.000Z,-83
5b06707f83c8f4066c14709b,da:a1:19:0f:09:bd,1527168378,2018-05-24T07:56:18.000Z,-72
5b06707f83c8f4066c14709c,da:a1:19:96:7f:33,1527168378,2018-05-24T07:56:18.000Z,-74
5b06707f83c8f4066c14709d,da:a1:19:11:c3:77,1527168378,2018-05-24T07:56:18.000Z,-73
5b06707f83c8f4066c14709e,da:a1:19:37:d6:8a,1527168378,2018-05-24T07:56:18.000Z,-76
5b06707f83c8f4066c14709f,da:a1:19:a2:0a:be,1527168379,2018-05-24T07:56:19.000Z,-81
5b06707f83c8f4066c1470a0,dc:1a:c5:46:8d:51,1527168380,2018-05-24T07:56:20.000Z,-78
5b06707f83c8f4066c1470a1,da:a1:19:8f:1d:3b,1527168389,2018-05-24T07:56:29.000Z,-75
5b06707f83c8f4066c1470a2,da:a1:19:3c:a4:8f,1527168389,2018-05-24T07:56:29.000Z,-75
5b06707f83c8f4066c1470a3,da:a1:19:55:86:03,1527168390,2018-05-24T07:56:30.000Z,-72
5b06707f83c8f4066c1470a4,da:a1:19:2d:cc:49,1527168390,2018-05-24T07:56:30.000Z,-69
5b06707f83c8f4066c1470a5,da:a1:19:f2:23:d7,1527168390,2018-05-24T07:56:30.000Z,-73
5b06707f83c8f4066c1470a6,da:a1:19:da:a5:28,1527168393,2018-05-24T07:56:33.000Z,-81
5b06707f83c8f4066c1470a7,da:a1:19:4a:75:04,1527168396,2018-05-24T07:56:36.000Z,-79
5b06707f83c8f4066c1470a8,da:a1:19:a8:96:7e,1527168398,2018-05-24T07:56:38.000Z,-90
5b06707f83c8f4066c1470a9,54:b8:02:80:de:64,1527168399,2018-05-24T07:56:39.000Z,-86
5b06707f83c8f4066c1470aa,00:6f:64:d4:8b:b4,1527168399,2018-05-24T07:56:39.000Z,-82
5b06707f83c8f4066c1470ab,da:a1:19:b6:b2:2f,1527168404,2018-05-24T07:56:44.000Z,-79
5b06707f83c8f4066c1470ac,da:a1:19:2f:2b:df,1527168404,2018-05-24T07:56:44.000Z,-81
5b06707f83c8f4066c1470ad,da:a1:19:bd:5c:d9,1527168415,2018-05-24T07:56:55.000Z,-75
5b06707f83c8f4066c1470ae,da:a1:19:28:fe:7b,1527168415,2018-05-24T07:56:55.000Z,-75
5b06707f83c8f4066c1470af,da:a1:19:82:b3:67,1527168415,2018-05-24T07:56:55.000Z,-79
5b06707f83c8f4066c1470b0,da:a1:19:4d:7e:32,1527168415,2018-05-24T07:56:55.000Z,-81
5b06707f83c8f4066c1470b1,da:a1:19:fe:b0:64,1527168418,2018-05-24T07:56:58.000Z,-84
5b06707f83c8f4066c1470b2,da:a1:19:d5:fd:76,1527168420,2018-05-24T07:57:00.000Z,-84
5b06707f83c8f4066c1470b3,ec:df:3a:1f:6f:be,1527168420,2018-05-24T07:57:00.000Z,-76
5b06707f83c8f4066c1470b4,e4:5d:75:62:77:57,1527168421,2018-05-24T07:57:01.000Z,-88
5b06707f83c8f4066c1470b5,bc:d1:1f:63:e4:8c,1527168421,2018-05-24T07:57:01.000Z,-90
5b06707f83c8f4066c1470b6,da:a1:19:a0:08:bc,1527168426,2018-05-24T07:57:06.000Z,-73
5b06707f83c8f4066c1470b7,da:a1:19:c6:9c:19,1527168426,2018-05-24T07:57:06.000Z,-68
5b06707f83c8f4066c1470b8,da:a1:19:fa:99:4d,1527168426,2018-05-24T07:57:06.000Z,-68
5b06707f83c8f4066c1470b9,da:a1:19:69:63:17,1527168426,2018-05-24T07:57:06.000Z,-69
5b06707f83c8f4066c1470ba,da:a1:19:69:d1:4e,1527168426,2018-05-24T07:57:06.000Z,-76
5b06707f83c8f4066c1470bb,da:a1:19:c2:f8:b7,1527168432,2018-05-24T07:57:12.000Z,-83
5b06707f83c8f4066c1470bc,da:a1:19:6e:6a:1e,1527168438,2018-05-24T07:57:18.000Z,-81
5b06707f83c8f4066c1470bd,da:a1:19:74:39:ed,1527168438,2018-05-24T07:57:18.000Z,-79
5b06707f83c8f4066c1470be,da:a1:19:f7:f3:70,1527168438,2018-05-24T07:57:18.000Z,-87
5b06707f83c8f4066c1470bf,da:a1:19:1a:df:ca,1527168438,2018-05-24T07:57:18.000Z,-79
5b06707f83c8f4066c1470c0,da:a1:19:43:08:bc,1527168439,2018-05-24T07:57:19.000Z,-82
5b06707f83c8f4066c1470c1,ac:c3:3a:dd:b8:fc,1527168446,2018-05-24T07:57:26.000Z,-86
5b06707f83c8f4066c1470c2,da:a1:19:5f:fe:b2,1527168448,2018-05-24T07:57:28.000Z,-84
5b06707f83c8f4066c1470c3,da:a1:19:60:6d:ea,1527168448,2018-05-24T07:57:28.000Z,-80
5b06707f83c8f4066c1470c4,da:a1:19:cc:7e:32,1527168449,2018-05-24T07:57:29.000Z,-82
5b06707f83c8f4066c1470c5,da:a1:19:60:3a:b4,1527168450,2018-05-24T07:57:30.000Z,-79
5b06707f83c8f4066c1470c6,da:a1:19:19:4a:6e,1527168457,2018-05-24T07:57:37.000Z,-79
5b06707f83c8f4066c1470c7,da:a1:19:e1:7f:65,1527168458,2018-05-24T07:57:38.000Z,-75
5b06707f83c8f4066c1470c8,da:a1:19:40:a8:5c,1527168465,2018-05-24T07:57:45.000Z,-81
5b06707f83c8f4066c1470c9,da:a1:19:f4:93:10,1527168465,2018-05-24T07:57:45.000Z,-83
5b06707f83c8f4066c1470ca,da:a1:19:d4:97:4b,1527168465,2018-05-24T07:57:45.000Z,-82
5b06726683c8f4066c147de7,da:a1:19:31:e3:97,1527168638,2018-05-24T08:00:38.000Z,-91
5b06726683c8f4066c147de8,da:a1:19:20:d6:aa,1527168638,2018-05-24T08:00:38.000Z,-83
5b06726683c8f4066c147de9,5a:66:a4:bd:96:4c,1527168644,2018-05-24T08:00:44.000Z,-63
5b06726683c8f4066c147dea,da:a1:19:5a:1f:9c,1527168644,2018-05-24T08:00:44.000Z,-87
5b06726683c8f4066c147deb,da:a1:19:d4:62:16,1527168644,2018-05-24T08:00:44.000Z,-89
5b06726683c8f4066c147dec,ac:c3:3a:7f:0c:b0,1527168646,2018-05-24T08:00:46.000Z,-88
5b06726683c8f4066c147ded,d0:f8:8c:9f:d5:cd,1527168649,2018-05-24T08:00:49.000Z,-91
5b06726683c8f4066c147dee,ec:df:3a:1f:6f:be,1527168650,2018-05-24T08:00:50.000Z,-57
5b06726683c8f4066c147def,da:a1:19:18:80:34,1527168655,2018-05-24T08:00:55.000Z,-83
5b06726683c8f4066c147df0,da:a1:19:d3:3b:b8,1527168655,2018-05-24T08:00:55.000Z,-84
5b06726683c8f4066c147df1,da:a1:19:a1:53:07,1527168656,2018-05-24T08:00:56.000Z,-80
5b06726683c8f4066c147df2,e8:9e:b4:16:03:b5,1527168666,2018-05-24T08:01:06.000Z,-92
5b06726683c8f4066c147df3,da:a1:19:2b:14:ff,1527168666,2018-05-24T08:01:06.000Z,-80
5b06726683c8f4066c147df4,da:a1:19:ce:b7:34,1527168666,2018-05-24T08:01:06.000Z,-76
5b06726683c8f4066c147df5,da:a1:19:78:a9:5d,1527168667,2018-05-24T08:01:07.000Z,-78
5b06726683c8f4066c147df6,da:a1:19:eb:1c:d0,1527168667,2018-05-24T08:01:07.000Z,-79
5b06726683c8f4066c147df7,da:a1:19:25:21:9e,1527168667,2018-05-24T08:01:07.000Z,-80
5b06726683c8f4066c147df8,bc:d1:1f:63:e4:8c,1527168671,2018-05-24T08:01:11.000Z,-79
5b06726683c8f4066c147df9,e8:9e:b4:16:47:ab,1527168672,2018-05-24T08:01:12.000Z,-80
5b06726683c8f4066c147dfa,92:16:8a:54:2c:28,1527168676,2018-05-24T08:01:16.000Z,-46
5b06726683c8f4066c147dfb,ba:1b:59:79:75:1c,1527168676,2018-05-24T08:01:16.000Z,-71
5b06726683c8f4066c147dfc,da:a1:19:c7:b2:2d,1527168677,2018-05-24T08:01:17.000Z,-81
5b06726683c8f4066c147dfd,da:a1:19:3a:a2:56,1527168677,2018-05-24T08:01:17.000Z,-81
5b06726683c8f4066c147dfe,da:a1:19:5e:10:8d,1527168678,2018-05-24T08:01:18.000Z,-83
5b06726683c8f4066c147dff,da:a1:19:ad:5f:13,1527168678,2018-05-24T08:01:18.000Z,-82
5b06726683c8f4066c147e00,da:a1:19:e0:92:0f,1527168678,2018-05-24T08:01:18.000Z,-80
5b06726683c8f4066c147e01,c0:9f:05:6e:61:ec,1527168705,2018-05-24T08:01:45.000Z,-88
5b06726683c8f4066c147e02,da:a1:19:56:6e:bd,1527168707,2018-05-24T08:01:47.000Z,-89
5b06726683c8f4066c147e03,c6:7a:79:30:5a:d4,1527168710,2018-05-24T08:01:50.000Z,-62
5b06726683c8f4066c147e04,da:a1:19:d7:cb:e7,1527168712,2018-05-24T08:01:52.000Z,-91
5b06726683c8f4066c147e05,da:a1:19:52:3b:b8,1527168717,2018-05-24T08:01:57.000Z,-86
5b06726683c8f4066c147e06,da:a1:19:be:cd:4c,1527168721,2018-05-24T08:02:01.000Z,-83
5b06726683c8f4066c147e07,da:a1:19:31:96:b2,1527168727,2018-05-24T08:02:07.000Z,-80
5b06726683c8f4066c147e08,da:a1:19:7a:f5:a9,1527168732,2018-05-24T08:02:12.000Z,-77
5b06726683c8f4066c147e09,da:a1:19:01:ea:9e,1527168733,2018-05-24T08:02:13.000Z,-84
5b06726683c8f4066c147e0a,da:a1:19:9d:97:4b,1527168733,2018-05-24T08:02:13.000Z,-85
5b06726683c8f4066c147e0b,da:a1:19:e8:9a:4e,1527168733,2018-05-24T08:02:13.000Z,-84
5b06726683c8f4066c147e0c,da:a1:19:2f:2b:df,1527168744,2018-05-24T08:02:24.000Z,-82
5b06726683c8f4066c147e0d,da:a1:19:6b:f9:ad,1527168744,2018-05-24T08:02:24.000Z,-82
5b06726683c8f4066c147e0e,da:a1:19:2b:f0:db,1527168744,2018-05-24T08:02:24.000Z,-74
5b06726683c8f4066c147e0f,da:a1:19:9b:60:14,1527168744,2018-05-24T08:02:24.000Z,-78
5b06726683c8f4066c147e10,58:c5:83:57:99:bc,1527168748,2018-05-24T08:02:28.000Z,-79
5b06726683c8f4066c147e11,da:a1:19:12:c6:78,1527168750,2018-05-24T08:02:30.000Z,-77
5b06726683c8f4066c147e12,da:a1:19:5b:c3:77,1527168755,2018-05-24T08:02:35.000Z,-75
5b06726683c8f4066c147e13,da:a1:19:37:e9:66,1527168755,2018-05-24T08:02:35.000Z,-74
5b06726683c8f4066c147e14,da:a1:19:69:9a:4e,1527168755,2018-05-24T08:02:35.000Z,-83
5b06726683c8f4066c147e15,da:a1:19:20:88:05,1527168755,2018-05-24T08:02:35.000Z,-80
5b06726683c8f4066c147e16,da:a1:19:8b:f3:70,1527168755,2018-05-24T08:02:35.000Z,-79
5b06726683c8f4066c147e17,00:6f:64:d4:8b:b4,1527168755,2018-05-24T08:02:35.000Z,-85
5b06726683c8f4066c147e18,da:a1:19:72:a3:57,1527168766,2018-05-24T08:02:46.000Z,-75
5b06726683c8f4066c147e19,da:a1:19:1c:84:01,1527168766,2018-05-24T08:02:46.000Z,-76
5b06726683c8f4066c147e1a,da:a1:19:89:5f:dc,1527168766,2018-05-24T08:02:46.000Z,-78
5b06726683c8f4066c147e1b,da:a1:19:3f:39:ed,1527168766,2018-05-24T08:02:46.000Z,-79
5b06726683c8f4066c147e1c,da:a1:19:b4:bf:56,1527168767,2018-05-24T08:02:47.000Z,-82
5b06726683c8f4066c147e1d,dc:1a:c5:46:8d:51,1527168770,2018-05-24T08:02:50.000Z,-81
5b06726683c8f4066c147e1e,da:a1:19:34:e0:93,1527168773,2018-05-24T08:02:53.000Z,-83
5b06726683c8f4066c147e1f,dc:1a:c5:58:ea:49,1527168775,2018-05-24T08:02:55.000Z,-91
5b06726683c8f4066c147e20,ac:c3:3a:dd:b8:fc,1527168777,2018-05-24T08:02:57.000Z,-83
5b06726683c8f4066c147e21,5c:99:60:39:0f:ba,1527168782,2018-05-24T08:03:02.000Z,-87
5b06726683c8f4066c147e22,da:a1:19:59:b6:f8,1527168787,2018-05-24T08:03:07.000Z,-80
5b06726683c8f4066c147e23,d0:04:01:af:17:35,1527168793,2018-05-24T08:03:13.000Z,-89
5b06726683c8f4066c147e24,da:a1:19:01:64:32,1527168793,2018-05-24T08:03:13.000Z,-80
5b06726683c8f4066c147e25,da:a1:19:a7:92:0d,1527168807,2018-05-24T08:03:27.000Z,-71
5b0672a883c8f4066c147f73,da:a1:19:35:00:e8,1527168815,2018-05-24T08:03:35.000Z,-87
5b0672a883c8f4066c147f74,e8:9e:b4:16:47:ab,1527168815,2018-05-24T08:03:35.000Z,-82
5b0672a883c8f4066c147f75,c0:9f:05:6e:61:ec,1527168826,2018-05-24T08:03:46.000Z,-85
5b0672a883c8f4066c147f76,da:a1:19:8c:51:05,1527168827,2018-05-24T08:03:47.000Z,-86
5b0672a883c8f4066c147f77,da:a1:19:9f:64:18,1527168827,2018-05-24T08:03:47.000Z,-88
5b0672a883c8f4066c147f78,c6:7a:79:30:5a:d4,1527168835,2018-05-24T08:03:55.000Z,-71
5b0672a883c8f4066c147f79,44:6d:57:da:a6:0f,1527168849,2018-05-24T08:04:09.000Z,-37
5b0672a883c8f4066c147f7a,54:b8:02:80:de:64,1527168852,2018-05-24T08:04:12.000Z,-83
5b0672a883c8f4066c147f7b,00:6f:64:36:73:9a,1527168876,2018-05-24T08:04:36.000Z,-84
5b0672a883c8f4066c147f7c,dc:1a:c5:58:ea:49,1527168885,2018-05-24T08:04:45.000Z,-85
5b0672a883c8f4066c147f7d,da:a1:19:32:1b:70,1527168888,2018-05-24T08:04:48.000Z,-82
5b0672a883c8f4066c147f7e,ac:c3:3a:dd:b8:fc,1527168908,2018-05-24T08:05:08.000Z,-89
5b0672a883c8f4066c147f7f,dc:1a:c5:46:8d:51,1527168909,2018-05-24T08:05:09.000Z,-80
5b0672a883c8f4066c147f80,da:a1:19:47:fb:76,1527168924,2018-05-24T08:05:24.000Z,-75
5b0672a883c8f4066c147f81,c0:11:73:dc:30:8a,1527168929,2018-05-24T08:05:29.000Z,-56
5b0672a883c8f4066c147f82,da:a1:19:07:96:05,1527168940,2018-05-24T08:05:40.000Z,-86
5b0672a883c8f4066c147f83,e8:9e:b4:16:03:b5,1527168941,2018-05-24T08:05:41.000Z,-87
5b0672a883c8f4066c147f84,00:6f:64:d4:8b:b4,1527168942,2018-05-24T08:05:42.000Z,-86
5b0672a883c8f4066c147f85,e4:5d:75:07:d6:d0,1527168945,2018-05-24T08:05:45.000Z,-62
5b0672a883c8f4066c147f86,da:a1:19:32:e6:98,1527168975,2018-05-24T08:06:15.000Z,-78
5b0672a883c8f4066c147f87,da:a1:19:72:7b:72,1527169001,2018-05-24T08:06:41.000Z,-88
5b0672a883c8f4066c147f88,da:a1:19:3e:f2:6d,1527169015,2018-05-24T08:06:55.000Z,-80
5b06738083c8f4066c1481ca,9e:53:e7:e4:fc:c6,1527169095,2018-05-24T08:08:15.000Z,-65
5b06738083c8f4066c1481cb,58:c5:83:57:99:bc,1527169098,2018-05-24T08:08:18.000Z,-84
5b06738083c8f4066c1481cc,16:b7:f3:71:54:55,1527169099,2018-05-24T08:08:19.000Z,-59
5b06738083c8f4066c1481cd,c2:7f:d6:86:2a:4b,1527169099,2018-05-24T08:08:19.000Z,-65
5b06738083c8f4066c1481ce,00:6f:64:d4:8b:b4,1527169101,2018-05-24T08:08:21.000Z,-83
5b06738083c8f4066c1481cf,4e:18:ab:a2:46:74,1527169103,2018-05-24T08:08:23.000Z,-61
5b06738083c8f4066c1481d0,ca:e6:39:d4:a7:57,1527169110,2018-05-24T08:08:30.000Z,-60
5b06738083c8f4066c1481d1,e8:9e:b4:16:47:ab,1527169115,2018-05-24T08:08:35.000Z,-80
5b06738083c8f4066c1481d2,56:2c:56:00:e4:93,1527169118,2018-05-24T08:08:38.000Z,-55
5b06738083c8f4066c1481d3,dc:1a:c5:46:8d:51,1527169119,2018-05-24T08:08:39.000Z,-76
5b06738083c8f4066c1481d4,ba:c5:7a:0d:27:87,1527169131,2018-05-24T08:08:51.000Z,-52
5b06738083c8f4066c1481d5,44:6d:57:da:a6:0f,1527169133,2018-05-24T08:08:53.000Z,-38
5b06738083c8f4066c1481d6,da:a1:19:a6:5a:b1,1527169135,2018-05-24T08:08:55.000Z,-73
5b06738083c8f4066c1481d7,c0:9f:05:6e:61:ec,1527169137,2018-05-24T08:08:57.000Z,-87
5b06738083c8f4066c1481d8,e4:5d:75:07:d6:d0,1527169142,2018-05-24T08:09:02.000Z,-65
5b06738083c8f4066c1481d9,ec:df:3a:1f:6f:be,1527169156,2018-05-24T08:09:16.000Z,-84
5b06738083c8f4066c1481da,ac:c3:3a:dd:b8:fc,1527169160,2018-05-24T08:09:20.000Z,-82
5b06738083c8f4066c1481db,ce:ba:39:7d:3f:31,1527169167,2018-05-24T08:09:27.000Z,-52
5b06738083c8f4066c1481dc,e2:10:32:7a:19:bd,1527169167,2018-05-24T08:09:27.000Z,-63
5b06738083c8f4066c1481dd,e8:9e:b4:16:03:b5,1527169181,2018-05-24T08:09:41.000Z,-88
5b06738083c8f4066c1481de,da:a1:19:3f:ba:a5,1527169207,2018-05-24T08:10:07.000Z,-93
5b06738083c8f4066c1481df,d0:04:01:af:17:35,1527169210,2018-05-24T08:10:10.000Z,-91
5b06738083c8f4066c1481e0,dc:1a:c5:58:ea:49,1527169228,2018-05-24T08:10:28.000Z,-79
5b06745883c8f4066c148602,82:a2:c5:c5:b7:f2,1527169324,2018-05-24T08:12:04.000Z,-75
5b06745883c8f4066c148603,36:1d:e0:99:2e:1c,1527169324,2018-05-24T08:12:04.000Z,-79
5b06745883c8f4066c148604,dc:1a:c5:46:8d:51,1527169326,2018-05-24T08:12:06.000Z,-85
5b06745883c8f4066c148605,da:a1:19:cd:f2:f9,1527169351,2018-05-24T08:12:31.000Z,-92
5b06745883c8f4066c148606,e8:9e:b4:16:47:ab,1527169355,2018-05-24T08:12:35.000Z,-84
5b06745883c8f4066c148607,c0:9f:05:6e:61:ec,1527169360,2018-05-24T08:12:40.000Z,-82
5b06745883c8f4066c148608,c0:11:73:dc:30:8a,1527169360,2018-05-24T08:12:40.000Z,-56
5b06745883c8f4066c148609,e8:9e:b4:16:03:b5,1527169361,2018-05-24T08:12:41.000Z,-90
5b06745883c8f4066c14860a,da:a1:19:82:87:ef,1527169371,2018-05-24T08:12:51.000Z,-93
5b06745883c8f4066c14860b,da:a1:19:a4:8f:0a,1527169380,2018-05-24T08:13:00.000Z,-77
5b06745883c8f4066c14860c,dc:e8:38:2b:7a:25,1527169392,2018-05-24T08:13:12.000Z,-87
5b06745883c8f4066c14860d,ec:df:3a:1f:6f:be,1527169398,2018-05-24T08:13:18.000Z,-53
5b06745883c8f4066c14860e,ac:c3:3a:dd:b8:fc,1527169402,2018-05-24T08:13:22.000Z,-84
5b06745883c8f4066c14860f,22:39:85:2b:ee:c0,1527169424,2018-05-24T08:13:44.000Z,-90
5b06745883c8f4066c148610,02:f9:f7:8f:84:b6,1527169428,2018-05-24T08:13:48.000Z,-90
5b06745883c8f4066c148611,ac:c3:3a:cd:ba:3f,1527169431,2018-05-24T08:13:51.000Z,-77
5b06745883c8f4066c148612,ca:a0:60:ba:74:32,1527169436,2018-05-24T08:13:56.000Z,-84
5b06745883c8f4066c148613,e4:5d:75:07:d6:d0,1527169440,2018-05-24T08:14:00.000Z,-58
5b06745883c8f4066c148614,da:a1:19:c8:08:71,1527169450,2018-05-24T08:14:10.000Z,-89
5b06753083c8f4066e6d5c94,dc:1a:c5:46:8d:51,1527169578,2018-05-24T08:16:18.000Z,-84
5b06753083c8f4066e6d5c95,e8:9e:b4:16:47:ab,1527169580,2018-05-24T08:16:20.000Z,-83
5b06753083c8f4066e6d5c96,da:a1:19:19:d9:45,1527169582,2018-05-24T08:16:22.000Z,-92
5b06753083c8f4066e6d5c97,00:6f:64:d4:8b:b4,1527169592,2018-05-24T08:16:32.000Z,-84
5b06753083c8f4066e6d5c98,e8:9e:b4:16:03:b5,1527169601,2018-05-24T08:16:41.000Z,-88
5b06753083c8f4066e6d5c99,c0:9f:05:6e:61:ec,1527169602,2018-05-24T08:16:42.000Z,-89
5b06753083c8f4066e6d5c9a,d0:f8:8c:9f:d5:cd,1527169609,2018-05-24T08:16:49.000Z,-89
5b06753083c8f4066e6d5c9b,ac:c3:3a:cd:ba:3f,1527169619,2018-05-24T08:16:59.000Z,-64
5b06753083c8f4066e6d5c9c,e4:5d:75:07:d6:d0,1527169621,2018-05-24T08:17:01.000Z,-63
5b06753083c8f4066e6d5c9d,da:a1:19:ed:9f:53,1527169628,2018-05-24T08:17:08.000Z,-86
5b06753083c8f4066e6d5c9e,da:a1:19:d2:bd:01,1527169637,2018-05-24T08:17:17.000Z,-74
5b06753083c8f4066e6d5c9f,da:a1:19:0c:9d:92,1527169637,2018-05-24T08:17:17.000Z,-94
5b06753083c8f4066e6d5ca0,04:94:6b:c0:99:1a,1527169642,2018-05-24T08:17:22.000Z,-78
5b06753083c8f4066e6d5ca1,ec:df:3a:1f:6f:be,1527169664,2018-05-24T08:17:44.000Z,-49
5b06760883c8f4066c14904f,04:94:6b:c0:99:1a,1527169747,2018-05-24T08:19:07.000Z,-93
5b06760883c8f4066c149050,e8:9e:b4:16:47:ab,1527169760,2018-05-24T08:19:20.000Z,-86
5b06760883c8f4066c149051,d0:f8:8c:9f:d5:cd,1527169764,2018-05-24T08:19:24.000Z,-87
5b06760883c8f4066c149052,ac:c3:3a:dd:b8:fc,1527169774,2018-05-24T08:19:34.000Z,-83
5b06760883c8f4066c149053,da:a1:19:2d:e1:38,1527169780,2018-05-24T08:19:40.000Z,-78
5b06760883c8f4066c149054,e8:9e:b4:16:03:b5,1527169781,2018-05-24T08:19:41.000Z,-88
5b06760883c8f4066c149055,ac:c3:3a:cd:ba:3f,1527169784,2018-05-24T08:19:44.000Z,-76
5b06760883c8f4066c149056,ec:df:3a:1f:6f:be,1527169802,2018-05-24T08:20:02.000Z,-54
5b06760883c8f4066c149057,dc:1a:c5:46:8d:51,1527169819,2018-05-24T08:20:19.000Z,-73
5b06760883c8f4066c149058,d0:04:01:af:17:35,1527169829,2018-05-24T08:20:29.000Z,-79
5b06760883c8f4066c149059,5c:99:60:39:0f:ba,1527169845,2018-05-24T08:20:45.000Z,-90
5b06760883c8f4066c14905a,da:a1:19:fa:89:63,1527169854,2018-05-24T08:20:54.000Z,-86
5b06760883c8f4066c14905b,e4:5d:75:07:d6:d0,1527169864,2018-05-24T08:21:04.000Z,-73
5b06760883c8f4066c14905c,c0:11:73:dc:30:8a,1527169867,2018-05-24T08:21:07.000Z,-48
5b0676e083c8f4066e6d6558,e8:9e:b4:16:03:b5,1527169961,2018-05-24T08:22:41.000Z,-89
5b0676e083c8f4066e6d6559,d0:f8:8c:9f:d5:cd,1527169972,2018-05-24T08:22:52.000Z,-75
5b0676e083c8f4066e6d655a,82:17:05:b6:95:79,1527169977,2018-05-24T08:22:57.000Z,-88
5b0676e083c8f4066e6d655b,e8:9e:b4:16:47:ab,1527170000,2018-05-24T08:23:20.000Z,-82
5b0676e083c8f4066e6d655c,da:a1:19:ad:eb:05,1527170023,2018-05-24T08:23:43.000Z,-79
5b0676e083c8f4066e6d655d,e4:5d:75:07:d6:d0,1527170047,2018-05-24T08:24:07.000Z,-52
5b0676e083c8f4066e6d655e,da:a1:19:02:b4:68,1527170050,2018-05-24T08:24:10.000Z,-86
5b0676e083c8f4066e6d655f,ac:c3:3a:cd:ba:3f,1527170058,2018-05-24T08:24:18.000Z,-65
5b0676e083c8f4066e6d6560,dc:1a:c5:46:8d:51,1527170059,2018-05-24T08:24:19.000Z,-79
5b0676e083c8f4066e6d6561,ec:df:3a:1f:6f:be,1527170068,2018-05-24T08:24:28.000Z,-55
5b0676e083c8f4066e6d6562,ac:c3:3a:dd:b8:fc,1527170073,2018-05-24T08:24:33.000Z,-84
5b0676e083c8f4066e6d6563,00:6f:64:d4:8b:b4,1527170074,2018-05-24T08:24:34.000Z,-85
5b0677b883c8f4066c1499f3,da:a1:19:ef:96:50,1527170174,2018-05-24T08:26:14.000Z,-79
5b0677b883c8f4066c1499f4,e8:9e:b4:16:47:ab,1527170180,2018-05-24T08:26:20.000Z,-81
5b0677b883c8f4066c1499f5,dc:1a:c5:46:8d:51,1527170190,2018-05-24T08:26:30.000Z,-82
5b0677b883c8f4066c1499f6,e8:9e:b4:16:03:b5,1527170201,2018-05-24T08:26:41.000Z,-90
5b0677b883c8f4066c1499f7,ec:01:ee:f0:25:33,1527170203,2018-05-24T08:26:43.000Z,-75
5b0677b883c8f4066c1499f8,da:a1:19:81:35:e7,1527170214,2018-05-24T08:26:54.000Z,-88
5b0677b883c8f4066c1499f9,d0:f8:8c:9f:d5:cd,1527170235,2018-05-24T08:27:15.000Z,-90
5b0677b883c8f4066c1499fa,c0:11:73:dc:30:8a,1527170240,2018-05-24T08:27:20.000Z,-64
5b0677b883c8f4066c1499fb,04:94:6b:c0:99:1a,1527170267,2018-05-24T08:27:47.000Z,-86
5b0677b883c8f4066c1499fc,00:6f:64:d4:8b:b4,1527170293,2018-05-24T08:28:13.000Z,-87
5b0677b883c8f4066c1499fd,e4:5d:75:07:d6:d0,1527170298,2018-05-24T08:28:18.000Z,-63
5b0677b883c8f4066c1499fe,da:a1:19:d6:86:01,1527170302,2018-05-24T08:28:22.000Z,-73
5b0677b883c8f4066c1499ff,ac:c3:3a:dd:b8:fc,1527170313,2018-05-24T08:28:33.000Z,-87
5b06789083c8f4066e6d6c45,da:a1:19:d6:e3:ce,1527170386,2018-05-24T08:29:46.000Z,-89
5b06789083c8f4066e6d6c46,da:a1:19:c0:a7:90,1527170390,2018-05-24T08:29:50.000Z,-85
5b06789083c8f4066e6d6c47,da:a1:19:26:bc:2f,1527170393,2018-05-24T08:29:53.000Z,-93
5b06789083c8f4066e6d6c48,e8:9e:b4:16:47:ab,1527170420,2018-05-24T08:30:20.000Z,-83
5b06789083c8f4066e6d6c49,da:a1:19:52:23:bc,1527170432,2018-05-24T08:30:32.000Z,-85
5b06789083c8f4066e6d6c4a,00:6f:64:d4:8b:b4,1527170432,2018-05-24T08:30:32.000Z,-86
5b06789083c8f4066e6d6c4b,ac:c3:3a:dd:b8:fc,1527170434,2018-05-24T08:30:34.000Z,-83
5b06789083c8f4066e6d6c4c,dc:1a:c5:46:8d:51,1527170443,2018-05-24T08:30:43.000Z,-78
5b06789083c8f4066e6d6c4d,ac:c3:3a:cd:ba:3f,1527170446,2018-05-24T08:30:46.000Z,-69
5b06789083c8f4066e6d6c4e,c0:9f:05:6e:61:ec,1527170455,2018-05-24T08:30:55.000Z,-82
5b06789083c8f4066e6d6c4f,e4:5d:75:07:d6:d0,1527170468,2018-05-24T08:31:08.000Z,-61
5b06789083c8f4066e6d6c50,da:a1:19:ac:71:eb,1527170483,2018-05-24T08:31:23.000Z,-85
5b06789083c8f4066e6d6c51,64:db:43:a9:a8:07,1527170498,2018-05-24T08:31:38.000Z,-76
5b06789083c8f4066e6d6c52,e8:9e:b4:16:03:b5,1527170501,2018-05-24T08:31:41.000Z,-88
5b06789083c8f4066e6d6c53,da:a1:19:a3:55:09,1527170529,2018-05-24T08:32:09.000Z,-85
5b06796883c8f4066e6d7017,e4:5d:75:07:d6:d0,1527170645,2018-05-24T08:34:05.000Z,-77
5b06796883c8f4066e6d7018,da:a1:19:e3:ce:49,1527170654,2018-05-24T08:34:14.000Z,-84
5b06796883c8f4066e6d7019,e8:9e:b4:16:47:ab,1527170660,2018-05-24T08:34:20.000Z,-83
5b06796883c8f4066e6d701a,c0:9f:05:6e:61:ec,1527170664,2018-05-24T08:34:24.000Z,-79
5b06796883c8f4066e6d701b,ec:01:ee:f0:25:33,1527170683,2018-05-24T08:34:43.000Z,-83
5b06796883c8f4066e6d701c,ac:c3:3a:dd:b8:fc,1527170689,2018-05-24T08:34:49.000Z,-86
5b06796883c8f4066e6d701d,dc:1a:c5:46:8d:51,1527170692,2018-05-24T08:34:52.000Z,-81
5b06796883c8f4066e6d701e,d0:f8:8c:9f:d5:cd,1527170718,2018-05-24T08:35:18.000Z,-91
5b06796883c8f4066e6d701f,e8:9e:b4:16:03:b5,1527170741,2018-05-24T08:35:41.000Z,-88
5b06796883c8f4066e6d7020,44:6d:57:da:a6:0f,1527170751,2018-05-24T08:35:51.000Z,-49
5b067a4083c8f4066e6d7337,c0:9f:05:6e:61:ec,1527170827,2018-05-24T08:37:07.000Z,-88
5b067a4083c8f4066e6d7338,e8:9e:b4:16:47:ab,1527170840,2018-05-24T08:37:20.000Z,-86
5b067a4083c8f4066e6d7339,d0:f8:8c:9f:d5:cd,1527170847,2018-05-24T08:37:27.000Z,-88
5b067a4083c8f4066e6d733a,e4:5d:75:07:d6:d0,1527170851,2018-05-24T08:37:31.000Z,-64
5b067a4083c8f4066e6d733b,44:6d:57:da:a6:0f,1527170855,2018-05-24T08:37:35.000Z,-45
5b067a4083c8f4066e6d733c,e8:9e:b4:16:03:b5,1527170861,2018-05-24T08:37:41.000Z,-88
5b067a4083c8f4066e6d733d,ec:df:3a:1f:6f:be,1527170865,2018-05-24T08:37:45.000Z,-53
5b067a4083c8f4066e6d733e,dc:1a:c5:46:8d:51,1527170872,2018-05-24T08:37:52.000Z,-84
5b067a4083c8f4066e6d733f,7c:78:7e:ce:15:2f,1527170883,2018-05-24T08:38:03.000Z,-89
5b067a4083c8f4066e6d7340,88:b4:a6:1f:ed:86,1527170892,2018-05-24T08:38:12.000Z,-88
5b067a4083c8f4066e6d7341,da:a1:19:e3:97:49,1527170897,2018-05-24T08:38:17.000Z,-77
5b067a4083c8f4066e6d7342,64:db:43:a9:a8:07,1527170901,2018-05-24T08:38:21.000Z,-76
5b067a4083c8f4066e6d7343,da:a1:19:e9:64:18,1527170910,2018-05-24T08:38:30.000Z,-82
5b067a4083c8f4066e6d7344,ac:c3:3a:cd:ba:3f,1527170911,2018-05-24T08:38:31.000Z,-69
5b067a4083c8f4066e6d7345,da:a1:19:8b:3d:28,1527170920,2018-05-24T08:38:40.000Z,-83
5b067a4083c8f4066e6d7346,ac:c3:3a:dd:b8:fc,1527170929,2018-05-24T08:38:49.000Z,-76
5b067b1883c8f4066e6d76c6,ec:01:ee:f0:25:33,1527171067,2018-05-24T08:41:07.000Z,-82
5b067b1883c8f4066e6d76c7,d0:f8:8c:9f:d5:cd,1527171068,2018-05-24T08:41:08.000Z,-93
5b067b1883c8f4066e6d76c8,c0:9f:05:6e:61:ec,1527171071,2018-05-24T08:41:11.000Z,-92
5b067b1883c8f4066e6d76c9,da:a1:19:8b:3f:f1,1527171078,2018-05-24T08:41:18.000Z,-80
5b067b1883c8f4066e6d76ca,e8:9e:b4:16:47:ab,1527171080,2018-05-24T08:41:20.000Z,-80
5b067b1883c8f4066e6d76cb,44:6d:57:da:a6:0f,1527171093,2018-05-24T08:41:33.000Z,-58
5b067b1883c8f4066e6d76cc,ac:c3:3a:cd:ba:3f,1527171098,2018-05-24T08:41:38.000Z,-68
5b067b1883c8f4066e6d76cd,e8:9e:b4:16:03:b5,1527171101,2018-05-24T08:41:41.000Z,-90
5b067b1883c8f4066e6d76ce,ac:c3:3a:dd:b8:fc,1527171103,2018-05-24T08:41:43.000Z,-83
5b067b1883c8f4066e6d76cf,da:a1:19:76:2a:a5,1527171142,2018-05-24T08:42:22.000Z,-78
5b067b1883c8f4066e6d76d0,da:a1:19:cc:16:c3,1527171181,2018-05-24T08:43:01.000Z,-86
5b067bf083c8f4066e6d7acc,dc:1a:c5:46:8d:51,1527171310,2018-05-24T08:45:10.000Z,-82
5b067bf083c8f4066e6d7acd,d0:f8:8c:9f:d5:cd,1527171319,2018-05-24T08:45:19.000Z,-88
5b067bf083c8f4066e6d7ace,c0:9f:05:6e:61:ec,1527171320,2018-05-24T08:45:20.000Z,-89
5b067bf083c8f4066e6d7acf,e8:9e:b4:16:47:ab,1527171320,2018-05-24T08:45:20.000Z,-84
5b067bf083c8f4066e6d7ad0,da:a1:19:b4:2f:1a,1527171328,2018-05-24T08:45:28.000Z,-83
5b067bf083c8f4066e6d7ad1,e8:9e:b4:16:03:b5,1527171341,2018-05-24T08:45:41.000Z,-91
5b067bf083c8f4066e6d7ad2,ac:c3:3a:dd:b8:fc,1527171344,2018-05-24T08:45:44.000Z,-86
5b067bf083c8f4066e6d7ad3,ac:c3:3a:cd:ba:3f,1527171345,2018-05-24T08:45:45.000Z,-69
5b067bf083c8f4066e6d7ad4,da:a1:19:24:9f:8a,1527171361,2018-05-24T08:46:01.000Z,-65
5b067bf083c8f4066e6d7ad5,ec:01:ee:f0:25:33,1527171379,2018-05-24T08:46:19.000Z,-67
5b067bf083c8f4066e6d7ad6,da:a1:19:92:46:f8,1527171386,2018-05-24T08:46:26.000Z,-59
5b067cc883c8f4066c14b489,64:db:43:a9:a8:07,1527171472,2018-05-24T08:47:52.000Z,-81
5b067cc883c8f4066c14b48a,ac:c3:3a:cd:ba:3f,1527171474,2018-05-24T08:47:54.000Z,-63
5b067cc883c8f4066c14b48b,c0:9f:05:6e:61:ec,1527171482,2018-05-24T08:48:02.000Z,-85
5b067cc883c8f4066c14b48c,ec:01:ee:f0:25:33,1527171492,2018-05-24T08:48:12.000Z,-82
5b067cc883c8f4066c14b48d,e8:9e:b4:16:47:ab,1527171500,2018-05-24T08:48:20.000Z,-82
5b067cc883c8f4066c14b48e,ac:c3:3a:dd:b8:fc,1527171525,2018-05-24T08:48:45.000Z,-81
5b067cc883c8f4066c14b48f,ec:df:3a:1f:6f:be,1527171531,2018-05-24T08:48:51.000Z,-53
5b067cc883c8f4066c14b490,e4:5d:75:07:d6:d0,1527171539,2018-05-24T08:48:59.000Z,-68
5b067cc883c8f4066c14b491,e8:9e:b4:16:03:b5,1527171581,2018-05-24T08:49:41.000Z,-90
5b067cc883c8f4066c14b492,da:a1:19:94:48:fa,1527171584,2018-05-24T08:49:44.000Z,-73
5b067cc883c8f4066c14b493,dc:1a:c5:46:8d:51,1527171601,2018-05-24T08:50:01.000Z,-85
5b067da083c8f4066c14b9ae,44:6d:57:da:a6:0f,1527171702,2018-05-24T08:51:42.000Z,-58
5b067da083c8f4066c14b9af,ac:c3:3a:dd:b8:fc,1527171705,2018-05-24T08:51:45.000Z,-82
5b067da083c8f4066c14b9b0,dc:1a:c5:46:8d:51,1527171709,2018-05-24T08:51:49.000Z,-82
5b067da083c8f4066c14b9b1,da:a1:19:30:e4:96,1527171713,2018-05-24T08:51:53.000Z,-84
5b067da083c8f4066c14b9b2,ec:01:ee:f0:25:33,1527171717,2018-05-24T08:51:57.000Z,-82
5b067da083c8f4066c14b9b3,e8:9e:b4:16:47:ab,1527171725,2018-05-24T08:52:05.000Z,-79
5b067da083c8f4066c14b9b4,ac:c3:3a:cd:ba:3f,1527171733,2018-05-24T08:52:13.000Z,-76
5b067da083c8f4066c14b9b5,e8:9e:b4:16:03:b5,1527171761,2018-05-24T08:52:41.000Z,-89
5b067da083c8f4066c14b9b6,da:a1:19:f6:aa:80,1527171774,2018-05-24T08:52:54.000Z,-84
5b067da083c8f4066c14b9b7,da:a1:19:0e:89:74,1527171787,2018-05-24T08:53:07.000Z,-65
5b067da083c8f4066c14b9b8,c0:9f:05:6e:61:ec,1527171826,2018-05-24T08:53:46.000Z,-89
5b067e7883c8f4066c14bcfd,44:6d:57:da:a6:0f,1527171943,2018-05-24T08:55:43.000Z,-57
5b067e7883c8f4066c14bcfe,ac:c3:3a:dd:b8:fc,1527171946,2018-05-24T08:55:46.000Z,-79
5b067e7883c8f4066c14bcff,34:78:d7:79:8a:51,1527171954,2018-05-24T08:55:54.000Z,-84
5b067e7883c8f4066c14bd00,c0:9f:05:6e:61:ec,1527171954,2018-05-24T08:55:54.000Z,-87
5b067e7883c8f4066c14bd01,7c:91:22:a6:3b:48,1527171956,2018-05-24T08:55:56.000Z,-89
5b067e7883c8f4066c14bd02,44:cd:0e:32:13:55,1527171961,2018-05-24T08:56:01.000Z,-88
5b067e7883c8f4066c14bd03,e8:9e:b4:16:47:ab,1527171965,2018-05-24T08:56:05.000Z,-81
5b067e7883c8f4066c14bd04,e4:c4:83:f9:0e:57,1527171999,2018-05-24T08:56:39.000Z,-85
5b067e7883c8f4066c14bd05,e8:9e:b4:16:03:b5,1527172001,2018-05-24T08:56:41.000Z,-89
5b067f5083c8f4066c14c09e,44:6d:57:da:a6:0f,1527172123,2018-05-24T08:58:43.000Z,-64
5b067f5083c8f4066c14c09f,ac:c3:3a:dd:b8:fc,1527172127,2018-05-24T08:58:47.000Z,-74
5b067f5083c8f4066c14c0a0,34:78:d7:79:8a:51,1527172137,2018-05-24T08:58:57.000Z,-78
5b067f5083c8f4066c14c0a1,e8:9e:b4:16:47:ab,1527172144,2018-05-24T08:59:04.000Z,-83
5b067f5083c8f4066c14c0a2,dc:1a:c5:40:1c:43,1527172147,2018-05-24T08:59:07.000Z,-91
5b067f5083c8f4066c14c0a3,7c:91:22:a6:3b:48,1527172156,2018-05-24T08:59:16.000Z,-89
5b067f5083c8f4066c14c0a4,c0:9f:05:6e:61:ec,1527172169,2018-05-24T08:59:29.000Z,-88
5b067f5083c8f4066c14c0a5,ac:c3:3a:cd:ba:3f,1527172182,2018-05-24T08:59:42.000Z,-81
5b067f5083c8f4066c14c0a6,da:a1:19:0d:7a:05,1527172183,2018-05-24T08:59:43.000Z,-89
5b067f5083c8f4066c14c0a7,e8:9e:b4:16:03:b5,1527172188,2018-05-24T08:59:48.000Z,-90
5b067f5083c8f4066c14c0a8,dc:1a:c5:46:8d:51,1527172188,2018-05-24T08:59:48.000Z,-82
5b067f5083c8f4066c14c0a9,da:a1:19:68:e3:97,1527172191,2018-05-24T08:59:51.000Z,-68
5b067f5083c8f4066c14c0aa,da:a1:19:14:c6:b1,1527172220,2018-05-24T09:00:20.000Z,-88
5b067f5083c8f4066c14c0ab,d0:37:42:a3:a5:75,1527172228,2018-05-24T09:00:28.000Z,-89
5b067f5083c8f4066c14c0ac,e4:c4:83:f9:0e:57,1527172230,2018-05-24T09:00:30.000Z,-89
5b067f5083c8f4066c14c0ad,da:a1:19:8b:06:ba,1527172250,2018-05-24T09:00:50.000Z,-83
5b06802883c8f4066e6d9196,7c:91:22:a6:3b:48,1527172337,2018-05-24T09:02:17.000Z,-83
5b06802883c8f4066e6d9197,d0:37:42:a3:a5:75,1527172347,2018-05-24T09:02:27.000Z,-85
5b06802883c8f4066e6d9198,5c:99:60:37:63:9c,1527172348,2018-05-24T09:02:28.000Z,-92
5b06802883c8f4066e6d9199,e4:c4:83:f9:0e:57,1527172355,2018-05-24T09:02:35.000Z,-83
5b06802883c8f4066e6d919a,44:6d:57:da:a6:0f,1527172363,2018-05-24T09:02:43.000Z,-66
5b06802883c8f4066e6d919b,e8:9e:b4:16:47:ab,1527172366,2018-05-24T09:02:46.000Z,-82
5b06802883c8f4066e6d919c,e8:9e:b4:16:03:b5,1527172367,2018-05-24T09:02:47.000Z,-90
5b06802883c8f4066e6d919d,da:a1:19:80:fb:e6,1527172372,2018-05-24T09:02:52.000Z,-85
5b06802883c8f4066e6d919e,ac:c3:3a:cd:ba:3f,1527172376,2018-05-24T09:02:56.000Z,-89
5b06802883c8f4066e6d919f,dc:1a:c5:46:8d:51,1527172391,2018-05-24T09:03:11.000Z,-86
5b06802883c8f4066e6d91a0,c0:9f:05:6e:61:ec,1527172418,2018-05-24T09:03:38.000Z,-83
5b06802883c8f4066e6d91a1,ac:c3:3a:dd:b8:fc,1527172441,2018-05-24T09:04:01.000Z,-84
5b06802883c8f4066e6d91a2,da:a1:19:c3:24:38,1527172463,2018-05-24T09:04:23.000Z,-85
5b06810083c8f4066e6d96af,7c:91:22:a6:3b:48,1527172595,2018-05-24T09:06:35.000Z,-91
5b06810083c8f4066e6d96b0,64:db:43:a9:a8:07,1527172595,2018-05-24T09:06:35.000Z,-77
5b06810083c8f4066e6d96b1,44:6d:57:da:a6:0f,1527172603,2018-05-24T09:06:43.000Z,-58
5b06810083c8f4066e6d96b2,e8:9e:b4:16:47:ab,1527172606,2018-05-24T09:06:46.000Z,-81
5b06810083c8f4066e6d96b3,e8:9e:b4:16:03:b5,1527172607,2018-05-24T09:06:47.000Z,-91
5b06810083c8f4066e6d96b4,da:a1:19:8d:08:bc,1527172658,2018-05-24T09:07:38.000Z,-83
5b06810083c8f4066e6d96b5,da:a1:19:75:1d:83,1527172662,2018-05-24T09:07:42.000Z,-82
5b06810083c8f4066e6d96b6,c0:9f:05:6e:61:ec,1527172663,2018-05-24T09:07:43.000Z,-88
5b06810083c8f4066e6d96b7,dc:1a:c5:46:8d:51,1527172669,2018-05-24T09:07:49.000Z,-86
5b06810083c8f4066e6d96b8,ac:c3:3a:dd:b8:fc,1527172689,2018-05-24T09:08:09.000Z,-87
5b0681d883c8f4066e6d9ae0,ac:c3:3a:dd:b8:fc,1527172809,2018-05-24T09:10:09.000Z,-78
5b0681d883c8f4066e6d9ae1,7c:91:22:a6:3b:48,1527172815,2018-05-24T09:10:15.000Z,-89
5b0681d883c8f4066e6d9ae2,da:a1:19:4c:c7:b2,1527172836,2018-05-24T09:10:36.000Z,-85
5b0681d883c8f4066e6d9ae3,5c:99:60:37:63:9c,1527172838,2018-05-24T09:10:38.000Z,-90
5b0681d883c8f4066e6d9ae4,e8:9e:b4:16:47:ab,1527172846,2018-05-24T09:10:46.000Z,-82
5b0681d883c8f4066e6d9ae5,e8:9e:b4:16:03:b5,1527172847,2018-05-24T09:10:47.000Z,-88
5b0681d883c8f4066e6d9ae6,d0:37:42:a3:a5:75,1527172849,2018-05-24T09:10:49.000Z,-89
5b0681d883c8f4066e6d9ae7,da:a1:19:8a:3c:f0,1527172867,2018-05-24T09:11:07.000Z,-88
5b0681d883c8f4066e6d9ae8,da:a1:19:50:a0:ce,1527172877,2018-05-24T09:11:17.000Z,-83
5b0681d883c8f4066e6d9ae9,bc:ff:eb:fa:3d:29,1527172888,2018-05-24T09:11:28.000Z,-85
5b0681d883c8f4066e6d9aea,dc:1a:c5:46:8d:51,1527172907,2018-05-24T09:11:47.000Z,-83
5b0682b083c8f4066c14d571,da:a1:19:3a:8d:d0,1527172998,2018-05-24T09:13:18.000Z,-85
5b0682b083c8f4066c14d572,dc:1a:c5:46:8d:51,1527173003,2018-05-24T09:13:23.000Z,-84
5b0682b083c8f4066c14d573,d0:37:42:a3:a5:75,1527173014,2018-05-24T09:13:34.000Z,-79
5b0682b083c8f4066c14d574,e8:9e:b4:16:03:b5,1527173027,2018-05-24T09:13:47.000Z,-87
5b0682b083c8f4066c14d575,e8:9e:b4:16:47:ab,1527173038,2018-05-24T09:13:58.000Z,-82
5b0682b083c8f4066c14d576,ac:c3:3a:dd:b8:fc,1527173051,2018-05-24T09:14:11.000Z,-80
5b0682b083c8f4066c14d577,da:a1:19:3a:08:a5,1527173110,2018-05-24T09:15:10.000Z,-92
5b0682b083c8f4066c14d578,bc:ff:eb:fa:3d:29,1527173112,2018-05-24T09:15:12.000Z,-84
5b06838883c8f4066c14daf3,e8:9e:b4:16:03:b5,1527173207,2018-05-24T09:16:47.000Z,-91
5b06838883c8f4066c14daf4,e8:9e:b4:16:47:ab,1527173230,2018-05-24T09:17:10.000Z,-84
5b06838883c8f4066c14daf5,da:a1:19:34:c9:93,1527173232,2018-05-24T09:17:12.000Z,-89
5b06838883c8f4066c14daf6,dc:1a:c5:46:8d:51,1527173234,2018-05-24T09:17:14.000Z,-79
5b06838883c8f4066c14daf7,da:a1:19:41:53:be,1527173252,2018-05-24T09:17:32.000Z,-80
5b06838883c8f4066c14daf8,64:db:43:a9:a8:07,1527173273,2018-05-24T09:17:53.000Z,-77
5b06838883c8f4066c14daf9,da:a1:19:88:84:a1,1527173292,2018-05-24T09:18:12.000Z,-84
5b06838883c8f4066c14dafa,ac:c3:3a:dd:b8:fc,1527173302,2018-05-24T09:18:22.000Z,-84
5b06838883c8f4066c14dafb,da:a1:19:1a:95:80,1527173318,2018-05-24T09:18:38.000Z,-88
5b06838883c8f4066c14dafc,da:a1:19:00:63:52,1527173338,2018-05-24T09:18:58.000Z,-83
5b06846183c8f4066c14df2d,da:a1:19:4b:87:ef,1527173413,2018-05-24T09:20:13.000Z,-75
5b06846183c8f4066c14df2e,64:db:43:a9:a8:07,1527173417,2018-05-24T09:20:17.000Z,-75
5b06846183c8f4066c14df2f,dc:1a:c5:46:8d:51,1527173419,2018-05-24T09:20:19.000Z,-79
5b06846183c8f4066c14df30,ac:c3:3a:dd:b8:fc,1527173422,2018-05-24T09:20:22.000Z,-82
5b06846183c8f4066c14df31,5c:99:60:37:63:9c,1527173442,2018-05-24T09:20:42.000Z,-91
5b06846183c8f4066c14df32,e8:9e:b4:16:03:b5,1527173447,2018-05-24T09:20:47.000Z,-90
5b06846183c8f4066c14df33,da:a1:19:15:c7:7b,1527173463,2018-05-24T09:21:03.000Z,-78
5b06846183c8f4066c14df34,60:8e:08:c3:92:58,1527173467,2018-05-24T09:21:07.000Z,-89
5b06846183c8f4066c14df35,e8:9e:b4:16:47:ab,1527173471,2018-05-24T09:21:11.000Z,-82
5b06846183c8f4066c14df36,da:a1:19:f8:aa:5e,1527173488,2018-05-24T09:21:28.000Z,-87